Что входит в понятие «авария», изложенное в Федеральном законе от 21.07.1997 № 116-ФЗ «О промышленной безопасности опасных производственных объектов»?                                                                                                                                                                                 ; Контролируемое и (или) неконтролируемое горение, а также взрыв опасного производственного объекта                                                                                                                                                                                                                                                                                                        ; _Разрушение сооружений и (или) технических устройств, применяемых на опасном производственном объекте, неконтролируемые взрыв и (или) выброс опасных веществ                                                                                                                                                                                                                                                                 ; Отказ или повреждение технических устройств, применяемых на опасном производственном объекте, отклонение от установленного режима технологического процесса                                                                                                                                                                                                 ; Нарушение целостности или полное разрушение сооружений и технических устройств опасного производственного объекта при отсутствии взрыва либо выброса опасных веществ
Кто осуществляет государственный строительный надзор за строительством, реконструкцией объектов капитального строительства, отнесенных Градостроительным кодексом Российской Федерации к особо опасным, технически сложным и уникальным?                                                                                               ; _Федеральный орган исполнительной власти, уполномоченный Правительством Российской Федерации                                                                                                                                                                                                                                                                                                             ; Орган исполнительной власти субъекта Российской Федерации, уполномоченный на осуществление регионального государственного строительного надзора                                                                                                                                                                                                                                                                              ; Федеральный орган исполнительной власти, уполномоченный на проведение государственной экспертизы проектной документации, или подведомственные ему государственные (бюджетные или автономные) учреждения
Какими перечисленными документами могут устанавливаться обязательные для применения и исполнения требования к объектам технического регулирования?                                                                                                                                                                                     ; Техническими регламентами, национальными стандартами и сводами правил                                                                                                                                                                                                                                                                                                                                    ; Национальными стандартами и сводами правил                                                                                                                                                                                                                                                                                                                                                                                   ; Технологическими регламентами                                                                                                                                                                                                                                                                                                                               ; _Техническими регламентами
В какой форме проводится оценка соблюдения соискателем лицензии, лицензиатом лицензионных требований?                                                                                                                                                                                                                                  ; В форме оценки соответствия соискателя лицензии, лицензиата лицензионным требованиям, проводимой в соответствии со статьей 19.1 Федерального закона «О лицензировании отдельных видов деятельности»                                                                                                                                                                                                      ; В форме государственного контроля (надзора) за соблюдением лицензиатом лицензионных требований, осуществляемого в соответствии со статьей 19.2 Федерального закона «О лицензировании отдельных видов деятельности»                                                                                                                                                                                                           ; _Во всех перечисленных формах
Кто имеет право принимать решение о создании государственной комиссии по техническому расследованию причин аварии и назначать председателя указанной комиссии?                                                                                                                                                                         ; Только Президент Российской Федерации                                                                                                                                                                                                                                                                                                                                                                    ; Только Правительство Российской Федерации                                                                                                                                                                                                                                                                                                                                                                                    ; Президент Российской Федерации или Правительство Российской Федерации                                                                                                                                                                                                                                                                                       ; _Президент Российской Федерации, Правительство Российской Федерации или руководитель федерального органа исполнительной власти в области промышленной безопасности
В каком случае страховщик обязан осуществить страховую выплату по договору обязательного страхования опасного производственного объекта?                                                                                                                                                                                               ; В результате убытков, являющихся упущенной выгодой, в том числе связанных с утратой товарной стоимости имущества                                                                                                                                                                                                                                                                                         ; Если потерпевший понес расходы, связанные с неисполнением или ненадлежащим исполнением своих гражданско-правовых обязательств                                                                                                                                                                                                                                                                                                ; В результате причинения вреда имуществу страхователя                                                                                                                                                                                                                                                                                                        ; Если вред причинен в результате террористического акта                                                                                                                                                                                                                           ; _Во всех перечисленных случаях страховые выплаты не осуществляются страховщиком
Какой нормативный правовой акт устанавливает обязательность проведения подготовки и аттестации работников, эксплуатирующих опасные производственные объекты, в области промышленной безопасности?                                                                                                                                      ; Трудовой кодекс Российской Федерации                                                                                                                                                                                                                                                                                                                                                                     ; _Федеральный закон от 21.07.1997 № 116-ФЗ «О промышленной безопасности опасных производственных объектов»                                                                                                                                                                                                                                                                                                                    ; Постановление Правительства Российской Федерации от 25.10.2019 № 1365 «О подготовке и аттестации в области промышленной безопасности...»                                                                                                                                                                                                                    ; Приказ Ростехнадзора от 26.11.2020 № 459 «Об утверждении Административного регламента...»
При каком условии юридическое лицо признается виновным в совершении административного правонарушения?                                                                                                                                                                                                                                  ; _Если будет установлено, что у него имелась возможность для соблюдения правил и норм, за нарушение которых предусмотрена административная ответственность, но им не были приняты все зависящие от него меры по их соблюдению                                                                                                                                                                             ; Если должностное лицо, рассматривающее дело об административном правонарушении, уверено в виновности юридического лица                                                                                                                                                                                                                                                                                                       ; Если юридическое лицо признало факт совершения административного правонарушения
Какая информация не содержится в общем разделе плана мероприятий по локализации и ликвидации последствий аварий на опасных производственных объектах?                                                                                                                                                                                  ; Сценарии наиболее вероятных аварий и наиболее опасных по последствиям аварий                                                                                                                                                                                                                                                                                                                             ; Характеристика объекта, в отношении которого разрабатывается план мероприятий                                                                                                                                                                                                                                                                                                                                                ; Характеристики аварийности, присущие объектам, в отношении которых разрабатывается план мероприятий, и травматизма на таких объектах                                                                                                                                                                                                                        ; _Порядок действий в случае аварии на объекте в соответствии с требованиями, установленными федеральными нормами и правилами в области промышленной безопасности
Какие эксперты имеют право участвовать в проведении экспертизы промышленной безопасности в отношении опасных производственных объектов II класса опасности?                                                                                                                                                                            ; Только эксперты первой категории                                                                                                                                                                                                                                                                                                                                                                         ; Только эксперты второй категории                                                                                                                                                                                                                                                                                                                                                                                             ; Эксперты третьей и (или) второй категории                                                                                                                                                                                                                                                                                                                   ; _Эксперты первой и (или) второй категории
Какие события из числа перечисленных относятся к понятию «авария на опасном объекте»?                                                                                                                                                                                                                                                  ; _Повреждение или разрушение сооружений, технических устройств, применяемых на опасном объекте                                                                                                                                                                                                                                                                                                            ; Отклонение от режима технологического процесса                                                                                                                                                                                                                                                                                                                                                                               ; Отказ или повреждение технических устройств                                                                                                                                                                                                                                                                                                                 ; Все перечисленные
Соблюдение каких перечисленных требований не является предметом государственного строительного надзора?                                                                                                                                                                                                                                ; Соблюдение соответствия применяемых строительных материалов и изделий в процессе строительства... требованиям технических регламентов, проектной документации                                                                                                                                                                                                                                            ; _Соблюдение требований к порядку осуществления строительного контроля, установленных Градостроительным кодексом Российской Федерации, иными нормативными правовыми актами                                                                                                                                                                                                                                                    ; Соблюдение требования наличия декларации промышленной безопасности                                                                                                                                                                                                                                                                                          ; Соблюдение требования наличия разрешения на строительство                                                                                                                                                                                                                        ; Все перечисленное является предметом государственного строительного надзора
Каким образом определяется срок действия декларации о соответствии?                                                                                                                                                                                                                                                                    ; Росстандартом                                                                                                                                                                                                                                                                                                                                                                                            ; Ростехнадзором                                                                                                                                                                                                                                                                                                                                                                                                               ; _Техническим регламентом                                                                                                                                                                                                                                                                                                                                    ; Федеральным законом от 27.12.2002 № 184-ФЗ «О техническом регулировании»
В какой срок лицензирующий орган принимает решение о предоставлении или об отказе в предоставлении лицензии по заявлениям, поданным на бумажном носителе?                                                                                                                                                                              ; В срок, не превышающий 23 рабочих дней со дня приема заявления                                                                                                                                                                                                                                                                                                                                           ; В срок, не превышающий 30 рабочих дней со дня приема заявления                                                                                                                                                                                                                                                                                                                                                               ; _В срок, не превышающий 45 рабочих дней со дня приема заявления                                                                                                                                                                                                                                                                                             ; В срок, не превышающий 60 календарных дней со дня приема заявления
Какие цели преследует техническое расследование причин аварии на опасном производственном объекте, аварии гидротехнического сооружения?                                                                                                                                                                                                ; Установление размера причиненного вреда                                                                                                                                                                                                                                                                                                                                                                  ; Установление обстоятельств и причин аварии                                                                                                                                                                                                                                                                                                                                                                                   ; Установление допущенных нарушений требований промышленной безопасности... лиц, допустивших эти нарушения, а также мер... разработку предложений по предупреждению подобных аварий                                                                                                                                                                           ; _Все перечисленные
Какие из перечисленных изменений должны быть внесены в государственный реестр в срок, не превышающий 10 (десяти) рабочих дней с даты регистрации заявления о внесении изменений?                                                                                                                                                       ; _Изменение состава опасного производственного объекта, в том числе при изменении количественного и качественного состава технического устройства                                                                                                                                                                                                                                                         ; технологического процесса                                                                                                                                                                                                                                                                                                                                                                                                    ; признаков или класса опасности ОПО                                                                                                                                                                                                                                                                                                                          ; Изменение сведений, связанных с исключением опасного производственного объекта в связи со сменой эксплуатирующей организации                                                                                                                                                     ; _Изменение сведений об эксплуатирующей организации, собственнике опасного производственного объекта                                                                                                                                                                                                                     ; Изменение адреса места нахождения опасного производственного объекта
После каких действий план мероприятий по локализации и ликвидации последствий аварий является принятым?                                                                                                                                                                                                                                ; _После утверждения руководителями организаций, эксплуатирующих объекты... и согласования руководителями профессиональных аварийно-спасательных служб или формирований                                                                                                                                                                                                                                    ; После утверждения руководителем организации... и согласования с органами Ростехнадзора                                                                                                                                                                                                                                                                                                                                       ; После утверждения технической комиссией организации... под председательством инспектора территориального органа Ростехнадзора                                                                                                                                                                                                                               ; После утверждения руководителем организации... или руководителями обособленных подразделений
В каком из перечисленных случаев положение о производственном контроле разрабатывается вновь или подлежит изменению?                                                                                                                                                                                                                   ; По решению руководителя эксплуатирующей организации, индивидуального предпринимателя                                                                                                                                                                                                                                                                                                                     ; В соответствии с актом технического расследования причин аварии на опасном производственном объекте                                                                                                                                                                                                                                                                                                                          ; _В случае изменения требований промышленной безопасности к осуществлению производственного контроля                                                                                                                                                                                                                                                         ; Во всех перечисленных случаях
Какие требования предъявляются к работникам, ответственным за осуществление производственного контроля на опасных производственных объектах I-III классов опасности?                                                                                                                                                                   ; Высшее техническое образование, стаж работы не менее 3 лет, дополнительное профессиональное образование и аттестация                                                                                                                                                                                                                                                                                     ; _Высшее или среднее техническое образование, стаж работы не менее 3 лет на соответствующей работе на ОПО отрасли, дополнительное профессиональное образование и аттестация                                                                                                                                                                                                                                                   ; Высшее техническое образование, стаж работы на ОПО отрасли не менее 3 лет, не реже одного раза в 5 лет получать дополнительное проф. образование и проходить аттестацию                                                                                                                                                                                     ; Высшее или среднее техническое образование, стаж работы на ОПО отрасли не менее 5 лет, не реже одного раза в 3 года проходить аттестацию
Какой установлен срок проведения экспертизы промышленной безопасности в соответствии с федеральными нормами и правилами «Правила проведения экспертизы промышленной безопасности»?                                                                                                                                                     ; Срок проведения экспертизы не должен превышать 6 месяцев                                                                                                                                                                                                                                                                                                                                                 ; _Срок проведения экспертизы определяется сложностью объекта экспертизы и согласовывается с заказчиком экспертизы                                                                                                                                                                                                                                                                                                             ; Срок проведения экспертизы определяется договором... но не должен превышать 12 месяцев                                                                                                                                                                                                                                                                      ; Срок проведения экспертизы определяется сложностью объекта... но не должен превышать трех месяцев со дня получения комплекта документов
Что входит в понятие «авария», изложенное в Федеральном законе от 21.07.1997 № 116-ФЗ «О промышленной безопасности опасных производственных объектов»?                                                                                                                                                                                 ; Контролируемое и (или) неконтролируемое горение, а также взрыв опасного производственного объекта                                                                                                                                                                                                                                                                                                        ; _Разрушение сооружений и (или) технических устройств, применяемых на опасном производственном объекте, неконтролируемые взрыв и (или) выброс опасных веществ                                                                                                                                                                                                                                                                 ; Отказ или повреждение технических устройств, применяемых на опасном производственном объекте, отклонение от установленного режима технологического процесса                                                                                                                                                                                                 ; Нарушение целостности или полное разрушение сооружений и технических устройств опасного производственного объекта при отсутствии взрыва либо выброса опасных веществ
Кто осуществляет государственный строительный надзор за строительством, реконструкцией объектов капитального строительства, отнесенных Градостроительным кодексом Российской Федерации к особо опасным, технически сложным и уникальным?                                                                                               ; _Федеральный орган исполнительной власти, уполномоченный Правительством Российской Федерации                                                                                                                                                                                                                                                                                                             ; Орган исполнительной власти субъекта Российской Федерации, уполномоченный на осуществление регионального государственного строительного надзора                                                                                                                                                                                                                                                                              ; Федеральный орган исполнительной власти, уполномоченный на проведение государственной экспертизы проектной документации, или подведомственные ему государственные (бюджетные или автономные) учреждения
Какими перечисленными документами могут устанавливаться обязательные для применения и исполнения требования к объектам технического регулирования?                                                                                                                                                                                     ; Техническими регламентами, национальными стандартами и сводами правил                                                                                                                                                                                                                                                                                                                                    ; Национальными стандартами и сводами правил                                                                                                                                                                                                                                                                                                                                                                                   ; Технологическими регламентами                                                                                                                                                                                                                                                                                                                               ; _Техническими регламентами
В какой форме проводится оценка соблюдения соискателем лицензии, лицензиатом лицензионных требований?                                                                                                                                                                                                                                  ; В форме оценки соответствия соискателя лицензии, лицензиата лицензионным требованиям, проводимой в соответствии со статьей 19.1 Федерального закона «О лицензировании отдельных видов деятельности»                                                                                                                                                                                                      ; В форме государственного контроля (надзора) за соблюдением лицензиатом лицензионных требований, осуществляемого в соответствии со статьей 19.2 Федерального закона «О лицензировании отдельных видов деятельности»                                                                                                                                                                                                           ; _Во всех перечисленных формах
Кто имеет право принимать решение о создании государственной комиссии по техническому расследованию причин аварии и назначать председателя указанной комиссии?                                                                                                                                                                         ; Только Президент Российской Федерации                                                                                                                                                                                                                                                                                                                                                                    ; Только Правительство Российской Федерации                                                                                                                                                                                                                                                                                                                                                                                    ; Президент Российской Федерации или Правительство Российской Федерации                                                                                                                                                                                                                                                                                       ; _Президент Российской Федерации, Правительство Российской Федерации или руководитель федерального органа исполнительной власти в области промышленной безопасности
В каком случае страховщик обязан осуществить страховую выплату по договору обязательного страхования опасного производственного объекта?                                                                                                                                                                                               ; В результате убытков, являющихся упущенной выгодой, в том числе связанных с утратой товарной стоимости имущества                                                                                                                                                                                                                                                                                         ; Если потерпевший понес расходы, связанные с неисполнением или ненадлежащим исполнением своих гражданско-правовых обязательств                                                                                                                                                                                                                                                                                                ; В результате причинения вреда имуществу страхователя                                                                                                                                                                                                                                                                                                        ; Если вред причинен в результате террористического акта                                                                                                                                                                                                                           ; _Во всех перечисленных случаях страховые выплаты не осуществляются страховщиком
Какой нормативный правовой акт устанавливает обязательность проведения подготовки и аттестации работников, эксплуатирующих опасные производственные объекты, в области промышленной безопасности?                                                                                                                                      ; Трудовой кодекс Российской Федерации                                                                                                                                                                                                                                                                                                                                                                     ; _Федеральный закон от 21.07.1997 № 116-ФЗ «О промышленной безопасности опасных производственных объектов»                                                                                                                                                                                                                                                                                                                    ; Постановление Правительства Российской Федерации от 25.10.2019 № 1365 «О подготовке и аттестации в области промышленной безопасности...»                                                                                                                                                                                                                    ; Приказ Ростехнадзора от 26.11.2020 № 459
При каком условии юридическое лицо признается виновным в совершении административного правонарушения?                                                                                                                                                                                                                                  ; _Если будет установлено, что у него имелась возможность для соблюдения правил и норм, за нарушение которых предусмотрена административная ответственность, но им не были приняты все зависящие от него меры по их соблюдению                                                                                                                                                                             ; Если должностное лицо, рассматривающее дело об административном правонарушении, уверено в виновности юридического лица                                                                                                                                                                                                                                                                                                       ; Если юридическое лицо признало факт совершения административного правонарушения
Какая информация не содержится в общем разделе плана мероприятий по локализации и ликвидации последствий аварий на опасных производственных объектах?                                                                                                                                                                                  ; Сценарии наиболее вероятных аварий и наиболее опасных по последствиям аварий                                                                                                                                                                                                                                                                                                                             ; Характеристика объекта, в отношении которого разрабатывается план мероприятий                                                                                                                                                                                                                                                                                                                                                ; Характеристики аварийности, присущие объектам... и травматизма на таких объектах                                                                                                                                                                                                                                                                            ; _Порядок действий в случае аварии на объекте в соответствии с требованиями, установленными федеральными нормами и правилами в области промышленной безопасности
Какие эксперты имеют право участвовать в проведении экспертизы промышленной безопасности в отношении опасных производственных объектов II класса опасности?                                                                                                                                                                            ; Только эксперты первой категории                                                                                                                                                                                                                                                                                                                                                                         ; Только эксперты второй категории                                                                                                                                                                                                                                                                                                                                                                                             ; Эксперты третьей и (или) второй категории                                                                                                                                                                                                                                                                                                                   ; _Эксперты первой и (или) второй категории
Какие события из числа перечисленных относятся к понятию «авария на опасном объекте»?                                                                                                                                                                                                                                                  ; _Повреждение или разрушение сооружений, технических устройств, применяемых на опасном объекте                                                                                                                                                                                                                                                                                                            ; Отклонение от режима технологического процесса                                                                                                                                                                                                                                                                                                                                                                               ; Отказ или повреждение технических устройств                                                                                                                                                                                                                                                                                                                 ; Все перечисленные
Соблюдение каких перечисленных требований не является предметом государственного строительного надзора?                                                                                                                                                                                                                                ; Соблюдение соответствия применяемых строительных материалов... требованиям технических регламентов, проектной документации                                                                                                                                                                                                                                                                               ; _Соблюдение требований к порядку осуществления строительного контроля, установленных Градостроительным кодексом Российской Федерации...                                                                                                                                                                                                                                                                                      ; Соблюдение требования наличия декларации промышленной безопасности                                                                                                                                                                                                                                                                                          ; Соблюдение требования наличия разрешения на строительство                                                                                                                                                                                                                        ; Все перечисленное является предметом государственного строительного надзора
Каким образом определяется срок действия декларации о соответствии?                                                                                                                                                                                                                                                                    ; Росстандартом                                                                                                                                                                                                                                                                                                                                                                                            ; Ростехнадзором                                                                                                                                                                                                                                                                                                                                                                                                               ; _Техническим регламентом                                                                                                                                                                                                                                                                                                                                    ; Федеральным законом от 27.12.2002 № 184-ФЗ
В какой срок лицензирующий орган принимает решение о предоставлении или об отказе в предоставлении лицензии по заявлениям, поданным на бумажном носителе?                                                                                                                                                                              ; В срок, не превышающий 23 рабочих дней со дня приема заявления                                                                                                                                                                                                                                                                                                                                           ; В срок, не превышающий 30 рабочих дней со дня приема заявления                                                                                                                                                                                                                                                                                                                                                               ; _В срок, не превышающий 45 рабочих дней со дня приема заявления                                                                                                                                                                                                                                                                                             ; В срок, не превышающий 60 календарных дней со дня приема заявления
Какие цели преследует техническое расследование причин аварии на опасном производственном объекте, аварии гидротехнического сооружения?                                                                                                                                                                                                ; Установление размера причиненного вреда                                                                                                                                                                                                                                                                                                                                                                  ; Установление обстоятельств и причин аварии                                                                                                                                                                                                                                                                                                                                                                                   ; Установление допущенных нарушений требований промышленной безопасности... лиц, допустивших эти нарушения...                                                                                                                                                                                                                                                 ; _Все перечисленные
Какие из перечисленных изменений должны быть внесены в государственный реестр в срок, не превышающий 10 рабочих дней с даты регистрации заявления?                                                                                                                                                                                     ; _Изменение состава опасного производственного объекта...                                                                                                                                                                                                                                                                                                                                                 ; Изменение сведений, связанных с исключением ОПО в связи со сменой эксплуатирующей организации                                                                                                                                                                                                                                                                                                                                ; _Изменение сведений об эксплуатирующей организации, собственнике ОПО                                                                                                                                                                                                                                                                                        ; Изменение адреса места нахождения ОПО
После каких действий план мероприятий по локализации и ликвидации последствий аварий является принятым?                                                                                                                                                                                                                                ; _После утверждения руководителями организаций, эксплуатирующих объекты... и согласования руководителями профессиональных аварийно-спасательных служб                                                                                                                                                                                                                                                     ; После утверждения руководителем организации и согласования с органами Ростехнадзора                                                                                                                                                                                                                                                                                                                                          ; После утверждения технической комиссией под председательством инспектора Ростехнадзора                                                                                                                                                                                                                                                                      ; После утверждения руководителем организации или руководителями обособленных подразделений
В каком из перечисленных случаев положение о производственном контроле разрабатывается вновь или подлежит изменению?                                                                                                                                                                                                                   ; По решению руководителя эксплуатирующей организации                                                                                                                                                                                                                                                                                                                                                      ; В соответствии с актом технического расследования причин аварии                                                                                                                                                                                                                                                                                                                                                              ; _В случае изменения требований промышленной безопасности к осуществлению производственного контроля                                                                                                                                                                                                                                                         ; Во всех перечисленных случаях
Какие требования предъявляются к работникам, ответственным за осуществление производственного контроля на ОПО I-III классов опасности?                                                                                                                                                                                                 ; Высшее техническое образование, стаж не менее 3 лет, доп. образование и аттестация                                                                                                                                                                                                                                                                                                                       ; _Высшее или среднее техническое образование, стаж не менее 3 лет на соответствующей работе на ОПО отрасли, доп. образование и аттестация                                                                                                                                                                                                                                                                                     ; Высшее техническое образование, стаж на ОПО отрасли не менее 3 лет, доп. образование и аттестация не реже раза в 5 лет                                                                                                                                                                                                                                      ; Высшее или среднее техническое образование, стаж на ОПО отрасли не менее 5 лет, аттестация раз в 3 года
Какой установлен срок проведения экспертизы промышленной безопасности?                                                                                                                                                                                                                                                                 ; Срок проведения экспертизы не должен превышать 6 месяцев                                                                                                                                                                                                                                                                                                                                                 ; _Срок проведения экспертизы определяется сложностью объекта экспертизы и согласовывается с заказчиком экспертизы                                                                                                                                                                                                                                                                                                             ; Срок не должен превышать 12 месяцев                                                                                                                                                                                                                                                                                                                         ; Срок не должен превышать трех месяцев
В каком случае из перечисленных лицензирующие органы могут приостанавливать действие лицензии?                                                                                                                                                                                                                                         ; _В случае привлечения лицензиата к административной ответственности за неисполнение в установленный срок предписания об устранении грубого нарушения лицензионных требований                                                                                                                                                                                                                             ; В случае ликвидации юридического лица или прекращения его деятельности в результате реорганизации                                                                                                                                                                                                                                                                                                                            ; В случае неуплаты лицензиатом в течение трех месяцев лицензионного сбора                                                                                                                                                                                                                                                                                    ; В случае смены собственника организации
Какая продолжительность действия планов мероприятий по локализации и ликвидации последствий аварий для объектов II класса опасности (за исключением объектов, на которых ведутся горные работы)?                                                                                                                                       ; 1 год                                                                                                                                                                                                                                                                                                                                                                                                    ; _2 года                                                                                                                                                                                                                                                                                                                                                                                                                      ; 3 года                                                                                                                                                                                                                                                                                                                                                      ; 5 лет
Какие опасные производственные объекты обязаны разработать декларацию промышленной безопасности?                                                                                                                                                                                                                                       ; Опасные производственные объекты I, II и III классов опасности, на которых получаются, используются, перерабатываются, образуются, хранятся, транспортируются опасные вещества в количествах, указанных в приложении 2 к Федеральному закону от 21.07.1997 № 116-ФЗ «О промышленной безопасности опасных производственных объектов»                                                                      ; _Опасные производственные объекты I и II классов опасности, на которых получаются, используются, перерабатываются, образуются, хранятся, транспортируются, уничтожаются опасные вещества в количествах, указанных в приложении 2 к Федеральному закону от 21.07.1997 № 116-ФЗ «О промышленной безопасности опасных производственных объектов» (за исключением использования взрывчатых веществ при проведении взрывных работ); Объекты, указанные в приложении 1 к Федеральному закону от 21.07.1997 № 116-ФЗ «О промышленной безопасности опасных производственных объектов»                                                                                                                                                                                                              ; Все опасные производственные объекты независимо от класса опасности объекта
В какой форме представляются сведения об организации производственного контроля за соблюдением требований промышленной безопасности в Ростехнадзор?                                                                                                                                                                                    ; _В форме электронного документа, подписанного усиленной квалифицированной электронной подписью                                                                                                                                                                                                                                                                                                           ; В виде электронного документа в формате doc                                                                                                                                                                                                                                                                                                                                                                                  ; В виде электронного документа в формате pdf                                                                                                                                                                                                                                                                                                                 ; Обязательно на бумажном носителе                                                                                                                                                                                                                                                 ; _В письменной форме
В каком виде допускается представлять сведения об организации производственного контроля организацией, эксплуатирующей несколько опасных производственных объектов?                                                                                                                                                                    ; _Сведения могут представляться в виде единого файла или нескольких файлов                                                                                                                                                                                                                                                                                                                                ; Сведения следует предоставлять в виде отдельных файлов по каждому опасному производственному объекту                                                                                                                                                                                                                                                                                                                         ; Сведения следует предоставлять на бумажном носителе в виде общего отчета организации, эксплуатирующей опасные производственные объекты
Какой нормативный правовой акт содержит перечень критериев, по которым производственный объект относится к категории опасных?                                                                                                                                                                                                          ; Постановление Правительства Российской Федерации «О регистрации объектов в государственном реестре»                                                                                                                                                                                                                                                                                                      ; Указ Президента Российской Федерации «Об утверждении перечня опасных производственных объектов»                                                                                                                                                                                                                                                                                                                              ; Положение о Федеральной службе по экологическому, технологическому и атомному надзору                                                                                                                                                                                                                                                                       ; _Федеральный закон «О промышленной безопасности опасных производственных объектов»
Какое из перечисленных требований к обязательной сертификации указано верно?                                                                                                                                                                                                                                                           ; Срок действия сертификата соответствия определяется органом по сертификации                                                                                                                                                                                                                                                                                                                              ; _Обязательная сертификация осуществляется органом по сертификации на основании договора с заявителем                                                                                                                                                                                                                                                                                                                         ; _Схемы сертификации, применяемые для сертификации определенных видов продукции, устанавливаются соответствующим техническим регламентом                                                                                                                                                                                                                     ; Сертификат соответствия выдается только на серийно выпускаемую продукцию
Кто осуществляет государственный контроль (надзор) за соблюдением лицензиатом лицензионных требований?                                                                                                                                                                                                                                 ; Орган исполнительной власти субъекта Российской Федерации, на территории которого эксплуатируется опасный объект                                                                                                                                                                                                                                                                                         ; Лицензирующий орган совместно с органом прокуратуры                                                                                                                                                                                                                                                                                                                                                                          ; Орган местного самоуправления                                                                                                                                                                                                                                                                                                                               ; _Лицензирующий орган
Владельцы каких перечисленных опасных объектов не обязаны осуществлять обязательное страхование в отношении этих объектов?                                                                                                                                                                                                             ; Автозаправочных станций жидкого моторного топлива                                                                                                                                                                                                                                                                                                                                                        ; Пассажирских конвейеров (движущихся пешеходных дорожек)                                                                                                                                                                                                                                                                                                                                                                      ; Опасных производственных объектов, подлежащих регистрации в государственном реестре                                                                                                                                                                                                                                                                         ; _Опасных производственных объектов, расположенных в границах объектов использования атомной энергии
Какой нормативной правовой документацией установлен перечень сведений, содержащихся в декларации промышленной безопасности, и порядок ее оформления?                                                                                                                                                                                   ; Федеральным законом от 21.07.1997 № 116-ФЗ «О промышленной безопасности опасных производственных объектов»                                                                                                                                                                                                                                                                                               ; Правилами, утвержденными постановлением Правительства Российской Федерации                                                                                                                                                                                                                                                                                                                                                   ; _Документом, утвержденным федеральным органом исполнительной власти в области промышленной безопасности                                                                                                                                                                                                                                                     ; Положением, утвержденным совместным приказом Ростехнадзора и МЧС России
Что является опасным производственным объектом?                                                                                                                                                                                                                                                                                        ; Отдельный механизм, оборудование (техническое устройство)                                                                                                                                                                                                                                                                                                                                                ; Емкость с опасным веществом, сосуд под избыточным давлением                                                                                                                                                                                                                                                                                                                                                                  ; _Определенная площадка производства, на которой при осуществлении определенного вида деятельности применяется то или иное техническое устройство, есть обращение опасного вещества или горючей пыли                                                                                                                                                         ; Все перечисленное
В каком случае права и обязанности страхователя по договору обязательного страхования переходят к новому владельцу опасного объекта при смене владельца опасного объекта в период действия данного договора?                                                                                                                           ; _Если новый владелец опасного объекта в течение тридцати календарных дней со дня вступления во владение опасным объектом в письменной форме уведомил об этом страховщика                                                                                                                                                                                                                                 ; При смене владельца опасного объекта необходимо заключать новый договор обязательного страхования                                                                                                                                                                                                                                                                                                                            ; Если новый владелец опасного объекта в течение шестидесяти календарных дней со дня вступления во владение опасным объектом в письменной форме уведомил об этом страховщика                                                                                                                                                                                  ; Права и обязанности страхователя переходят новому владельцу опасного объекта автоматически
Кто утверждает заявление о политике эксплуатирующей организации в области промышленной безопасности?                                                                                                                                                                                                                                   ; Территориальный орган Ростехнадзора                                                                                                                                                                                                                                                                                                                                                                      ; _Руководитель эксплуатирующей организации                                                                                                                                                                                                                                                                                                                                                                                    ; Технический руководитель эксплуатирующей организации                                                                                                                                                                                                                                                                                                        ; Руководитель муниципального образования, на территории которого расположен объект
Какая продолжительность действия планов мероприятий по локализации и ликвидации последствий аварий для объектов I класса опасности (за исключением объектов, на которых ведутся горные работы)?                                                                                                                                        ; 1 год                                                                                                                                                                                                                                                                                                                                                                                                    ; _2 года                                                                                                                                                                                                                                                                                                                                                                                                                      ; 3 года                                                                                                                                                                                                                                                                                                                                                      ; 5 лет
Какие функции обязано выполнять лицо, осуществляющее строительство здания или сооружения, в соответствии с законодательством о градостроительной деятельности?                                                                                                                                                                         ; _Контроль за соответствием применяемых строительных материалов и изделий, в том числе строительных материалов, производимых на территории, на которой осуществляется строительство, требованиям проектной документации в течение всего процесса строительства                                                                                                                                            ; Наблюдение за производством работ, регистрация действий, противоречащих законодательству о градостроительной деятельности                                                                                                                                                                                                                                                                                                    ; Наблюдение за производством работ, своевременной доставкой строительных материалов и изделий                                                                                                                                                                                                                                                                ; Только контроль за качеством применяемых строительных материалов
По какой из перечисленных схем может осуществляться декларирование соответствия?                                                                                                                                                                                                                                                       ; _Принятие декларации о соответствии на основании собственных доказательств, доказательств, полученных с участием аккредитованной испытательной лаборатории (центра)                                                                                                                                                                                                                                      ; Принятие декларации о соответствии на основании собственных доказательств, доказательств, полученных с участием органа по сертификации                                                                                                                                                                                                                                                                                       ; Принятие декларации о соответствии на основании собственных доказательств                                                                                                                                                                                                                                                                                   ; По любой из перечисленных
На какие классы опасности подразделяются опасные производственные объекты в зависимости от уровня потенциальной опасности аварий на них?                                                                                                                                                                                               ; _I класс - опасные производственные объекты чрезвычайно высокой опасности. II класс - опасные производственные объекты высокой опасности. III класс - опасные производственные объекты средней опасности. IV класс - опасные производственные объекты низкой опасности.                                                                                                                                  ; I класс - опасные производственные объекты низкой опасности. II класс - опасные производственные объекты средней опасности. III класс - опасные производственные объекты высокой опасности. IV класс - опасные производственные объекты чрезвычайно высокой опасности                                                                                                                                                        ; I класс - опасные производственные объекты высокой опасности. II класс - опасные производственные объекты средней опасности. III класс - опасные производственные объекты низкой опасности. IV класс - неопасные производственные объекты (вероятность аварии равна нулю)
Кем осуществляется финансирование расходов на техническое расследование причин аварий?                                                                                                                                                                                                                                                 ; Территориальным органом Ростехнадзора                                                                                                                                                                                                                                                                                                                                                                    ; _Организацией, эксплуатирующей опасные производственные объекты                                                                                                                                                                                                                                                                                                                                                              ; Страховой компанией, с которой заключен договор обязательного страхования гражданской ответственности владельца опасного объекта за причинение вреда в результате аварии на опасном производственном объекте                                                                                                                                                ; Организацией, эксплуатирующей опасные производственные объекты, или страховой компанией, в которой застрахована гражданская ответственность этой организации
Куда обязана предоставить сведения об организации производственного контроля за соблюдением требований промышленной безопасности организация, эксплуатирующая опасный производственный объект?                                                                                                                                         ; В МЧС России                                                                                                                                                                                                                                                                                                                                                                                             ; В центральный аппарат Ростехнадзора                                                                                                                                                                                                                                                                                                                                                                                          ; В вышестоящую организацию или ведомства                                                                                                                                                                                                                                                                                                                     ; _В Ростехнадзор или его территориальные органы
Какие требования законодательства Российской Федерации к эксплуатации зданий, сооружений указаны неверно?                                                                                                                                                                                                                              ; В случае капитального ремонта зданий, сооружений эксплуатация таких зданий, сооружений допускается после окончания их капитального ремонта                                                                                                                                                                                                                                                               ; Эксплуатация зданий, сооружений должна осуществляться в соответствии с их разрешенным использованием (назначением)                                                                                                                                                                                                                                                                                                           ; _В случае если для строительства, реконструкции объектов капитального строительства не требуется выдача разрешения на строительство, эксплуатация таких объектов допускается на этапе завершения строительства, реконструкции                                                                                                                               ; Эксплуатация построенного, реконструированного здания, сооружения допускается после получения застройщиком акта, разрешающего эксплуатацию здания, сооружения, в случаях, предусмотренных федеральными законами                                                                  ; Все перечисленные требования указаны верно
Какие из перечисленных нормативных правовых актов должны содержать правила и формы оценки соответствия обязательным требованиям к техническим устройствам, применяемым на опасном производственном объекте?                                                                                                                            ; Федеральный закон от 21.07.1997 №116-ФЗ «О промышленной безопасности опасных производственных объектов»                                                                                                                                                                                                                                                                                                  ; Соответствующие нормативные правовые акты, утверждаемые Правительством Российской Федерации                                                                                                                                                                                                                                                                                                                                  ; Федеральные нормы и правила в области промышленной безопасности                                                                                                                                                                                                                                                                                             ; _Технические регламенты
Что из перечисленного подлежит экспертизе промышленной безопасности? Выберите два варианта ответа.                                                                                                                                                                                                                                     ; _Декларация промышленной безопасности опасного производственного объекта                                                                                                                                                                                                                                                                                                                                 ; _Технические устройства, применяемые на опасном производственном объекте                                                                                                                                                                                                                                                                                                                                                     ; Документация на капитальный ремонт опасного производственного объекта                                                                                                                                                                                                                                                                                       ; Здания и сооружения на опасном производственном объекте, не предназначенные для технологических процессов, хранения сырья или продукции, перемещения людей и грузов, локализации и ликвидации последствий аварий
В течение какого времени изменения, внесенные в обоснование безопасности зарегистрированного в государственном реестре опасного производственного объекта, направляются организацией, эксплуатирующей такой опасный производственный объект, в федеральный орган исполнительной власти в области промышленной безопасности?            ; В течение 10 рабочих дней со дня их утверждения                                                                                                                                                                                                                                                                                                                                                          ; В течение 20 рабочих дней со дня их утверждения                                                                                                                                                                                                                                                                                                                                                                              ; _В течение 30 рабочих дней со дня их утверждения                                                                                                                                                                                                                                                                                                            ; В течение 30 рабочих дней после внесения изменений
В течение какого времени со дня начала эксплуатации опасного производственного объекта эксплуатирующая организация представляет в регистрирующий орган документы, необходимые для формирования и ведения государственного реестра, для регистрации объекта в государственном реестре опасных производственных объектов?                ; Не позднее 10 рабочих дней                                                                                                                                                                                                                                                                                                                                                                               ; _Не позднее 15 рабочих дней                                                                                                                                                                                                                                                                                                                                                                                                  ; Не позднее 15 календарных дней                                                                                                                                                                                                                                                                                                                              ; Не позднее 20 рабочих дней
В течение какого времени эксплуатирующие организации и индивидуальные предприниматели представляют в регистрирующий орган сведения, характеризующие опасные производственные объекты?                                                                                                                                                  ; Не позднее 10 рабочих дней со дня начала их эксплуатации                                                                                                                                                                                                                                                                                                                                                 ; Не позднее 30 рабочих дней со дня начала их эксплуатации                                                                                                                                                                                                                                                                                                                                                                     ; _Не позднее трех месяцев с даты начала эксплуатации                                                                                                                                                                                                                                                                                                         ; Срок предоставления сведений не регламентирован
В каком из перечисленных случаев требования промышленной безопасности к эксплуатации, капитальному ремонту, техническому перевооружению, консервации и ликвидации опасного производственного объекта могут быть установлены в обосновании безопасности опасного производственного объекта?                                             ; _В случае если при проектировании, строительстве, эксплуатации, реконструкции, капитальном ремонте, техническом перевооружении, консервации или ликвидации опасного производственного объекта требуется отступление от требований промышленной безопасности, установленных федеральными нормами и правилами в области промышленной безопасности, таких требований недостаточно и (или) они не установлены; При подготовке проектной документации на любой опасный производственный объект независимо от класса опасности                                                                                                                                                                                                                                                                                                                ; В случае если разработчиком проектной документации является иностранная организация                                                                                                                                                                                                                                                                         ; При разработке плана по локализации и ликвидации последствий аварий на опасных производственных объектах
В каком формате должны формироваться файлы электронных документов при подготовке отчета о производственном контроле?                                                                                                                                                                                                                   ; _В формате XML                                                                                                                                                                                                                                                                                                                                                                                           ; В формате XLS                                                                                                                                                                                                                                                                                                                                                                                                                ; В формате DOCX                                                                                                                                                                                                                                                                                                                                              ; В форматах JPEG, TIFF, BMP, PDF
Какой документ устанавливает состав сведений об организации производственного контроля за соблюдением требований промышленной безопасности, направляемых эксплуатирующей организацией в Ростехнадзор?                                                                                                                                  ; Постановление Правительства «Об утверждении требований к документационному обеспечению систем управления промышленной безопасностью»                                                                                                                                                                                                                                                                     ; _Правила организации и осуществления производственного контроля за соблюдением требований промышленной безопасности                                                                                                                                                                                                                                                                                                          ; Федеральный закон «О промышленной безопасности опасных производственных объектов»                                                                                                                                                                                                                                                                           ; Все перечисленные документы
Кем осуществляется расчет вреда (экономического и экологического ущерба) от аварии?                                                                                                                                                                                                                                                    ; _Организацией, на объекте которой произошла авария                                                                                                                                                                                                                                                                                                                                                       ; Комиссией по техническому расследованию аварии                                                                                                                                                                                                                                                                                                                                                                               ; Специализированной сторонней организацией                                                                                                                                                                                                                                                                                                                   ; Территориальным органом Ростехнадзора                                                                                                                                                                                                                                            ; Страховой организацией
Что из перечисленного не является основной задачей производственного контроля за соблюдением требований промышленной безопасности на опасном производственном объекте?                                                                                                                                                                 ; Анализ состояния промышленной безопасности опасных производственных объектов                                                                                                                                                                                                                                                                                                                             ; _Декларирование соответствия условий труда государственным нормативным требованиям охраны труда                                                                                                                                                                                                                                                                                                                              ; Координация работ, направленных на предупреждение аварий на опасных производственном объектах                                                                                                                                                                                                                                                               ; Контроль за своевременным проведением необходимых испытаний и технических освидетельствований технических устройств, применяемых на опасных производственных объектах, ремонта и поверки контрольных средств измерений
Кем должны быть приняты меры, предупреждающие причинение вреда населению и окружающей среде, при прекращении эксплуатации здания или сооружения согласно Техническому регламенту о безопасности зданий и сооружений?                                                                                                                   ; Организацией, проводившей экспертизу промышленной безопасности                                                                                                                                                                                                                                                                                                                                           ; Представителем территориального органа Ростехнадзора                                                                                                                                                                                                                                                                                                                                                                         ; Организацией, эксплуатирующей здание или сооружение                                                                                                                                                                                                                                                                                                         ; _Собственником здания или сооружения
Какой раздел декларации промышленной безопасности включает информацию о численности работников на декларируемом объекте с указанием их размещения на составляющих декларируемого объекта?                                                                                                                                              ; Раздел «Общие сведения»                                                                                                                                                                                                                                                                                                                                                                                  ; _Раздел «Результаты анализа безопасности»                                                                                                                                                                                                                                                                                                                                                                                    ; Раздел «Обеспечение требований промышленной безопасности»                                                                                                                                                                                                                                                                                                   ; Данные об организации разработчике декларации
Каким документом устанавливается порядок проведения технического расследования причин аварий на опасных производственных объектах?                                                                                                                                                                                                     ; Трудовым кодексом Российской Федерации                                                                                                                                                                                                                                                                                                                                                                   ; Постановлением Правительства Российской Федерации                                                                                                                                                                                                                                                                                                                                                                            ; Федеральным законом от 21.07.1997 № 116-ФЗ «О промышленной безопасности опасных производственных объектов»                                                                                                                                                                                                                                                  ; _Нормативным документом, утвержденным федеральным органом исполнительной власти в области промышленной безопасности
При каком минимальном фактическом сроке службы технического устройства (при отсутствии в технической документации данных о сроке службы такого технического устройства) оно подлежит экспертизе промышленной безопасности?                                                                                                             ; Более 5 лет                                                                                                                                                                                                                                                                                                                                                                                              ; Более 10 лет                                                                                                                                                                                                                                                                                                                                                                                                                 ; Более 15 лет                                                                                                                                                                                                                                                                                                                                                ; _Более 20 лет
Кем указываются такие идентификационные признаки зданий и сооружений, как назначение, принадлежность к опасным производственным объектам, пожарная и взрывопожарная опасность, уровень ответственности согласно Техническому регламенту о безопасности зданий и сооружений? Выберите два варианта ответа.                              ; _Застройщиком (заказчиком)                                                                                                                                                                                                                                                                                                                                                                               ; Лицом, выполняющим инженерные изыскания                                                                                                                                                                                                                                                                                                                                                                                      ; Лицом, ответственным за эксплуатацию здания или сооружения                                                                                                                                                                                                                                                                                                  ; _Лицом, осуществляющим подготовку проектной документации
Какая перечисленная информация не содержится в данных об организации-разработчике декларации промышленной безопасности?                                                                                                                                                                                                                ; _Регистрационный номер декларируемого объекта в государственном реестре опасных производственных объектов                                                                                                                                                                                                                                                                                                ; Список исполнителей, включающий их фамилии, имена, отчества (при наличии), должности (при наличии), место работы                                                                                                                                                                                                                                                                                                             ; Наименование организации, разработавшей декларации, адрес в пределах ее места нахождения и телефон                                                                                                                                                                                                                                                          ; Содержится вся перечисленная информация
Какая продолжительность действия планов мероприятий по локализации и ликвидации последствий аварий для объектов III класса опасности (за исключением объектов, на которых ведутся горные работы)?                                                                                                                                      ; 1 год                                                                                                                                                                                                                                                                                                                                                                                                    ; 2 года                                                                                                                                                                                                                                                                                                                                                                                                                       ; 3 года                                                                                                                                                                                                                                                                                                                                                      ; _5 лет
Сколько экспертов в области промышленной безопасности должно быть в штате соискателя лицензии по проведению экспертизы промышленной безопасности?                                                                                                                                                                                      ; Не менее 2 экспертов, аттестованных в областях аттестации, соответствующих заявляемым работам (услугам)                                                                                                                                                                                                                                                                                                  ; _Не менее 3 экспертов в области промышленной безопасности, которые соответствуют требованиям, установленным Федеральным законом «О промышленной безопасности опасных производственных объектов», для которых работа в этой организации является основной                                                                                                                                                                     ; Не менее 4 экспертов, аттестованных в областях аттестации, соответствующих заявляемым работам (услугам)                                                                                                                                                                                                                                                     ; Не менее 4 экспертов в области промышленной безопасности, которые соответствуют требованиям, установленным Федеральным законом «О промышленной безопасности опасных производственных объектов», для которых работа в этой организации является основной
Какие действия обязан осуществить лицензиат при намерении выполнять работы (оказывать услуги), составляющие лицензируемую деятельность, и не указанные в лицензии?                                                                                                                                                                     ; Подать заявление в лицензирующий орган о выдаче новый лицензии                                                                                                                                                                                                                                                                                                                                           ; Направить в лицензирующий орган уведомление о своих намерениях                                                                                                                                                                                                                                                                                                                                                               ; _Подать заявление в лицензирующий орган о внесении изменений в реестр лицензий                                                                                                                                                                                                                                                                              ; Направить в лицензирующий орган информацию о наличии экспертов, аттестованных в областях аттестации, соответствующих вновь заявляемым работам (услугам)
Кем осуществляется производственный контроль за соблюдением требований промышленной безопасности в эксплуатирующей организации? Выберите два варианта ответа.                                                                                                                                                                          ; _Назначенным (определенным) решением руководителя эксплуатирующей организации, индивидуального предпринимателя работником                                                                                                                                                                                                                                                                                ; Разработчиком системы управления промышленной безопасностью                                                                                                                                                                                                                                                                                                                                                                  ; Инспектором территориального органа Ростехнадзора                                                                                                                                                                                                                                                                                                           ; Техническим руководителем организации                                                                                                                                                                                                                                            ; _Службой производственного контроля
В течение какого времени проводится первичная аттестация работников в области промышленной безопасности при переводе на другую работу, если при исполнении трудовых обязанностей на этой работе требуется проведение аттестации по другим областям аттестации?                                                                         ; Не позднее 10 дней                                                                                                                                                                                                                                                                                                                                                                                       ; Не позднее 2 недель                                                                                                                                                                                                                                                                                                                                                                                                          ; _Не позднее 1 месяца                                                                                                                                                                                                                                                                                                                                        ; Не позднее 2 месяцев
Как часто результаты анализа функционирования системы управления промышленной безопасностью оформляются документально в эксплуатирующих организациях?                                                                                                                                                                                  ; _Не реже 1 раза в течение календарного года                                                                                                                                                                                                                                                                                                                                                              ; Не реже 2 раз в течение календарного года                                                                                                                                                                                                                                                                                                                                                                                    ; Не реже 1 раза в течение 3 лет                                                                                                                                                                                                                                                                                                                              ; Не реже 1 раза в течение квартала
Что из перечисленного является объектом обязательного подтверждения соответствия согласно Федеральному закону «О техническом регулировании»?                                                                                                                                                                                           ; Процессы производства, эксплуатации, хранения, перевозки, реализации и утилизации продукции                                                                                                                                                                                                                                                                                                              ; _Продукция, выпускаемая в обращение на территории Российской Федерации                                                                                                                                                                                                                                                                                                                                                       ; Работы и услуги                                                                                                                                                                                                                                                                                                                                             ; Все перечисленное
Кого привлекает орган по сертификации для проведения работ по обязательной сертификации?                                                                                                                                                                                                                                               ; Представителей органов местного самоуправления                                                                                                                                                                                                                                                                                                                                                           ; Инспекторов Ростехнадзора                                                                                                                                                                                                                                                                                                                                                                                                    ; Независимых контролеров                                                                                                                                                                                                                                                                                                                                     ; _Экспертов-аудиторов
В каком случае иные федеральные органы исполнительной власти помимо Федеральной службы по экологическому, технологическому и атомному надзору, могут быть уполномочены осуществлять специальные разрешительные, контрольные и надзорные функции в области промышленной безопасности?                                                   ; Только в случае, если указанные органы функционируют в условиях чрезвычайной ситуации                                                                                                                                                                                                                                                                                                                    ; Только если эти функции были возложены на указанные органы специальным распоряжением органа государственного регулирования промышленной безопасности                                                                                                                                                                                                                                                                         ; _Только если это федеральные органы исполнительной власти в сфере обороны, обеспечения безопасности, государственной охраны, внешней разведки, мобилизационной подготовки и мобилизации, исполнения наказаний                                                                                                                                               ; Не могут ни в каком случае, это противоречит Федеральному закону от 21.07.1997 № 116-ФЗ «О промышленной безопасности опасных производственных объектов»
В каком документе и кем указываются такие идентификационные признаки зданий и сооружений, как назначение, принадлежность к опасным производственным объектам, пожарная и взрывопожарная опасность, уровень ответственности согласно Техническому регламенту о безопасности зданий и сооружений? Выберите два варианта ответа.          ; _В задании на выполнение инженерных изысканий для строительства здания или сооружения и в задании на проектирование идентификационные признаки указываются застройщиком (заказчиком)                                                                                                                                                                                                                     ; В текстовых материалах в составе проектной документации, передаваемой по окончании строительства на хранение собственнику здания или сооружения идентификационные признаки указываются застройщиком (заказчиком)                                                                                                                                                                                                             ; В задании на выполнение инженерных изысканий для строительства здания или сооружения и в задании на проектирование идентификационные признаки указываются лицом, осуществляющим подготовку проектной документации                                                                                                                                           ; _В текстовых материалах в составе проектной документации, передаваемой по окончании строительства на хранение собственнику здания или сооружения идентификационные признаки указываются лицом, осуществляющим подготовку проектной документации
В каком случае на основании рассмотрения заявления лицензирующего органа может быть аннулирована лицензия решением суда?                                                                                                                                                                                                               ; Из-за неуплаты лицензиатом в течение трех месяцев лицензионного сбора                                                                                                                                                                                                                                                                                                                                    ; При ликвидации юридического лица или прекращении его деятельности в результате реорганизации                                                                                                                                                                                                                                                                                                                                 ; При обнаружении недостоверных или искаженных данных в документах, представленных в лицензирующий орган для получения лицензии                                                                                                                                                                                                                               ; _Если в установленный судом срок административного наказания в виде административного приостановления деятельности и приостановления действия лицензии лицензиат не устранил грубое нарушение лицензионных требований
На каком этапе заключение экспертизы промышленной безопасности может быть использовано в целях, установленных Федеральным законом от 21.07.1997 № 116-ФЗ «О промышленной безопасности опасных производственных объектов»?                                                                                                              ; После утверждения заключения экспертизы промышленной безопасности в органах Ростехнадзора                                                                                                                                                                                                                                                                                                                ; После согласования заключения экспертизы промышленной безопасности с органами местного самоуправления                                                                                                                                                                                                                                                                                                                        ; Сразу после подписания заключения экспертизы руководителем экспертной организации и экспертами, проводившими экспертизу                                                                                                                                                                                                                                     ; _Заключение экспертизы промышленной безопасности может быть использовано исключительно с даты его внесения в реестр заключений экспертизы промышленной безопасности федеральным органом исполнительной власти в области промышленной безопасности или его территориальным органом
Какими документами регламентируются техническое расследование причин инцидентов на опасных производственных объектах, их учет и анализ?                                                                                                                                                                                                ; _Документом, утвержденным организацией, эксплуатирующей опасный производственный объект                                                                                                                                                                                                                                                                                                                  ; Документом, утвержденным организацией, эксплуатирующей опасные производственные объекты, по согласованию с представительным органом работников данной организации                                                                                                                                                                                                                                                            ; Документом, утвержденным организацией, эксплуатирующей опасный производственный объект, согласованным с органом исполнительной власти субъекта Российской Федерации, на территории которого находится опасный производственный объект                                                                                                                       ; Порядком проведения технического расследования причин аварий, инцидентов и случаев утраты взрывчатых материалов промышленного назначения
Кем осуществляется обязательная сертификация технических устройств, применяемых на опасных производственных объектах?                                                                                                                                                                                                                  ; Организацией, аккредитованной федеральным органом исполнительной власти по стандартизации, метрологии и сертификации                                                                                                                                                                                                                                                                                     ; _Органом по сертификации, аккредитованным в соответствии с законодательством Российской Федерации об аккредитации в национальной системе аккредитации                                                                                                                                                                                                                                                                        ; Организацией, аккредитованной федеральным органом исполнительной власти в области промышленной безопасности, совместно с федеральным органом исполнительной власти по стандартизации, метрологии и сертификации
На какое количество классов опасности подразделяются опасные производственные объекты?                                                                                                                                                                                                                                                 ; На два                                                                                                                                                                                                                                                                                                                                                                                                   ; На три                                                                                                                                                                                                                                                                                                                                                                                                                       ; _На четыре                                                                                                                                                                                                                                                                                                                                                  ; На пять
Из каких перечисленных структурных элементов должна состоять декларация промышленной безопасности? Выберите два варианта ответа.                                                                                                                                                                                                       ; Раздел «Ситуационные планы»                                                                                                                                                                                                                                                                                                                                                                              ; _Раздел «Результаты анализа безопасности»                                                                                                                                                                                                                                                                                                                                                                                    ; _Раздел «Положение о производственном контроле»                                                                                                                                                                                                                                                                                                             ; Раздел «Порядок организации проведения экспертизы промышленной безопасности»
Как часто организация, эксплуатирующая опасные производственные объекты, обязана направлять информацию об инцидентах, происшедших на опасных производственных объектах, в территориальный орган Ростехнадзора?                                                                                                                         ; _Ежеквартально                                                                                                                                                                                                                                                                                                                                                                                           ; Ежегодно, независимо от того, были инциденты или нет                                                                                                                                                                                                                                                                                                                                                                         ; Информация направляется 1 раз в 3 месяца при наличии инцидентов                                                                                                                                                                                                                                                                                             ; Информация об инцидентах не сообщается в Ростехнадзор и его территориальные органы
Какие из перечисленных требований не могут быть отнесены к лицензионным требованиям? Выберите два варианта ответа.                                                                                                                                                                                                                     ; _Требования к конкретным видам и объему выпускаемой или планируемой к выпуску продукции                                                                                                                                                                                                                                                                                                                  ; Требования о наличии у соискателя лицензии и лицензиата работников, заключивших с ними трудовые договоры, имеющих профессиональное образование, обладающих соответствующей квалификацией и (или) имеющих стаж работы, необходимый для осуществления лицензируемого вида деятельности                                                                                                                                         ; _Требования о соблюдении законодательства Российской Федерации в соответствующей сфере деятельности в целом                                                                                                                                                                                                                                                 ; Требования о соответствии соискателя лицензии и лицензиата требованиям, установленным федеральными законами и касающимся организационно-правовой формы юридического лица, размера уставного капитала, а также отсутствия задолженности по обязательствам перед третьими лицами
Какое определение соответствует понятию «обоснование безопасности опасного производственного объекта», изложенному в Федеральном законе от 21.07.1997 № 116-ФЗ «О промышленной безопасности опасных производственных объектов»?                                                                                                        ; Документ, содержащий сведения об условиях безопасной эксплуатации опасного производственного объекта, требования к эксплуатации, капитальному ремонту, консервации и ликвидации опасного производственного объекта                                                                                                                                                                                       ; Документ, содержащий сведения о результатах оценки риска аварии на опасном производственном объекте и связанной с ней угрозы, требования к безопасной эксплуатации опасного производственного объекта, требования к обслуживающему персоналу                                                                                                                                                                                 ; _Документ, содержащий сведения о результатах оценки риска аварии на опасном производственном объекте и связанной с ней угрозы, условия безопасной эксплуатации опасного производственного объекта, требования к эксплуатации, капитальному ремонту, консервации и ликвидации опасного производственного объекта
В течение какого времени опасные производственные объекты, вводимые в эксплуатацию, подлежат регистрации в государственном реестре?                                                                                                                                                                                                    ; _Не позднее 20 рабочих дней со дня поступления в регистрирующий орган сведений, характеризующих каждый объект                                                                                                                                                                                                                                                                                            ; Не позднее 30 рабочих дней со дня поступления в орган сведений, характеризующих каждый объект                                                                                                                                                                                                                                                                                                                                ; В течение 40 дней с даты начала их эксплуатации                                                                                                                                                                                                                                                                                                             ; Не позднее трех месяцев с даты начала их эксплуатации
Какая мера ответственности предусматривается законодательством Российской Федерации за нарушение должностными лицами требований промышленной безопасности или лицензионных требований на осуществление видов деятельности в области промышленной безопасности?                                                                         ; Вынесение письменного предупреждения, о чем делается соответствующая отметка в личном деле привлеченного к ответственности лица, или штраф в размере до одного минимального размера оплаты труда                                                                                                                                                                                                         ; _Наложение административного штрафа в размере от двадцати до тридцати тысяч рублей или дисквалификация на срок от шести месяцев до одного года                                                                                                                                                                                                                                                                               ; Административный арест на срок до 15 суток или административный штраф в размере до тридцати тысяч рублей                                                                                                                                                                                                                                                    ; Исправительные работы или административный штраф в размере до пятидесяти тысяч рублей
Какой организацией проводится экспертиза промышленной безопасности?                                                                                                                                                                                                                                                                    ; _Организацией, имеющей лицензию на проведение экспертизы промышленной безопасности                                                                                                                                                                                                                                                                                                                       ; Организацией, имеющей допуск СРО на проведение экспертизы промышленной безопасности                                                                                                                                                                                                                                                                                                                                          ; Организацией аккредитованной в Федеральной службе по аккредитации на проведение экспертизы промышленной безопасности                                                                                                                                                                                                                                        ; Научно-исследовательской организацией
Кем утверждается декларация промышленной безопасности?                                                                                                                                                                                                                                                                                 ; Руководителем территориального органа федерального органа исполнительной власти в области промышленной безопасности или его заместителем                                                                                                                                                                                                                                                                 ; Руководителем эксплуатирующей организации совместно с территориальным органом Ростехнадзора                                                                                                                                                                                                                                                                                                                                  ; Руководителем экспертной организации, выполнившей экспертизу декларации промышленной безопасности                                                                                                                                                                                                                                                           ; _Руководителем организации, эксплуатирующей опасный производственный объект
Кем устанавливаются требования к документационному обеспечению систем управления промышленной безопасностью?                                                                                                                                                                                                                           ; Ростехнадзором                                                                                                                                                                                                                                                                                                                                                                                           ; _Правительством Российской Федерации                                                                                                                                                                                                                                                                                                                                                                                         ; Федеральной службой по аккредитации                                                                                                                                                                                                                                                                                                                         ; Федеральным агентством по техническому регулированию и метрологии
В каких случаях техническое устройство, применяемое на опасном производственном объекте, не подлежит экспертизе промышленной безопасности, если техническим регламентом не установлена иная форма оценки соответствия указанного устройства обязательным требованиям?                                                                  ; После проведения работ, связанных с изменением конструкции, заменой материала несущих элементов такого технического устройства                                                                                                                                                                                                                                                                           ; По истечении срока службы или при превышении количества циклов нагрузки такого технического устройства, установленных его производителем                                                                                                                                                                                                                                                                                     ; При отсутствии в технической документации данных о сроке службы такого технического устройства, если фактический срок его службы превышает десять лет                                                                                                                                                                                                       ; Подлежит экспертизе во всех перечисленных случаях                                                                                                                                                                                                                                ; _До начала применения на опасном производственном объекте
Какие из перечисленных категорий работников не обязаны проходить аттестацию в области промышленной безопасности?                                                                                                                                                                                                                       ; Руководители и специалисты организаций, осуществляющих экспертизу промышленной безопасности зданий и сооружений, а также технических устройств, применяемых на опасных производственных объектах                                                                                                                                                                                                         ; Руководители организаций (обособленных подразделений организаций), осуществляющих проектирование, строительство, эксплуатацию, реконструкцию, капитальный ремонт, техническое перевооружение, консервацию и ликвидацию опасных производственных объектов I, II или III класса опасности                                                                                                                                      ; Руководители организаций, осуществляющих монтаж, наладку, обслуживание и ремонт технических устройств, применяемых на опасных производственных объектах                                                                                                                                                                                                     ; _Педагогические работники, осуществляющие образовательную деятельность по вопросам промышленной безопасности
Что из перечисленного входит в обязанности эксперта в области промышленной безопасности?                                                                                                                                                                                                                                               ; _Подготавливать заключения экспертизы промышленной безопасности и предоставлять их руководителю организации, проводящей экспертизу промышленной безопасности                                                                                                                                                                                                                                             ; Обеспечивать проведение экспертизы промышленной безопасности в соответствии с установленным порядком                                                                                                                                                                                                                                                                                                                         ; Проводить консультации для организаций по вопросам снижения рисков на опасном производственном объекте                                                                                                                                                                                                                                                      ; Все перечисленное
К какому классу опасности относятся опасные производственные объекты спецхимии?                                                                                                                                                                                                                                                        ; I класс опасности                                                                                                                                                                                                                                                                                                                                                                                        ; _II класс опасности                                                                                                                                                                                                                                                                                                                                                                                                          ; III класс опасности                                                                                                                                                                                                                                                                                                                                         ; IV класс опасности
По какому из перечисленных признаков опасные производственные объекты не подлежат классификации?                                                                                                                                                                                                                                       ; _В зависимости от количества декларируемых рисков на объекте                                                                                                                                                                                                                                                                                                                                             ; В зависимости от уровня потенциальной опасности аварий на них для жизненно важных интересов личности и общества                                                                                                                                                                                                                                                                                                              ; В зависимости от количества опасных веществ, которые одновременно находятся или могут находиться на опасном производственном объекте                                                                                                                                                                                                                        ; В зависимости от наличия в составе объекта оборудования, работающего под избыточным давлением более 0,07 мегапаскаля
Какое из перечисленных прав должностных лиц Ростехнадзора при осуществлении федерального государственного надзора в области промышленной безопасности указано неверно?                                                                                                                                                                 ; Запрашивать и получать на основании мотивированных письменных запросов от юридических лиц и индивидуальных предпринимателей информацию и документы, необходимые в ходе проведения проверки                                                                                                                                                                                                               ; Выдавать юридическим лицам и индивидуальным предпринимателям предписания об устранении выявленных нарушений обязательных требований                                                                                                                                                                                                                                                                                          ; _Привлекать к административной ответственности в виде лишения права занимать определенные должности или заниматься определенной деятельностью лиц, виновных в нарушении требований промышленной безопасности                                                                                                                                                ; Выносить предписания о приостановлении эксплуатации зданий и сооружений на опасных производственных объектах в случае обнаружения нарушений требований промышленной безопасности, представляющих угрозу жизни и здоровью людей
В отношении каких объектов не устанавливается режим постоянного государственного контроля (надзора)?                                                                                                                                                                                                                                   ; Объектов I класса опасности                                                                                                                                                                                                                                                                                                                                                                              ; Объектов, на которых ведутся горные работы по добыче и обогащению полезных ископаемых, относящихся к объектам I класса опасности                                                                                                                                                                                                                                                                                             ; _Объектов II класса опасности                                                                                                                                                                                                                                                                                                                               ; Объектов, на которых осуществляется хранение и уничтожение химического оружия
Кто имеет право проводить аудит системы управления промышленной безопасностью?                                                                                                                                                                                                                                                         ; Исключительно сторонние специализированные организации                                                                                                                                                                                                                                                                                                                                                   ; Представители профсоюзных организаций                                                                                                                                                                                                                                                                                                                                                                                        ; Ростехнадзор                                                                                                                                                                                                                                                                                                                                                ; _Сама эксплуатирующая организация либо привлекаемые ею на договорной основе сторонние организации
Каким документом устанавливаются требования к проведению аттестации в области промышленной безопасности, по вопросам безопасности гидротехнических сооружений, безопасности в сфере электроэнергетики?                                                                                                                                 ; Федеральным законом № 116-ФЗ «О промышленной безопасности опасных производственных объектов»                                                                                                                                                                                                                                                                                                             ; _Постановлением Правительства Российской Федерации                                                                                                                                                                                                                                                                                                                                                                           ; Приказом Ростехнадзора                                                                                                                                                                                                                                                                                                                                      ; Указом Президента Российской Федерации
Какие из перечисленных сведений не подлежат отражению в сведениях о производственном контроле?                                                                                                                                                                                                                                         ; Данные о состоянии техники безопасности на объекте                                                                                                                                                                                                                                                                                                                                                       ; Сведения о выполнении плана мероприятий по обеспечению промышленной безопасности                                                                                                                                                                                                                                                                                                                                             ; Результаты проверок, проведенных службой производственного контроля                                                                                                                                                                                                                                                                                         ; _Данные о финансовой отчетности организации за прошедший год
В какие сроки эксплуатирующая организация обязана представить в орган Ростехнадзора информацию о выполнении мероприятий, предложенных комиссией по техническому расследованию причин аварии?                                                                                                                                           ; В течение 10 рабочих дней после завершения технического расследования                                                                                                                                                                                                                                                                                                                                    ; В течение 15 рабочих дней после завершения технического расследования                                                                                                                                                                                                                                                                                                                                                        ; _В течение 10 рабочих дней по истечении срока выполнения каждого мероприятия, указанного в акте технического расследования причин аварии                                                                                                                                                                                                                    ; Сроки представления информации законодательно не установлены
Каким документом определяется порядок оформления декларации промышленной безопасности?                                                                                                                                                                                                                                                 ; _Нормативным правовым актом Ростехнадзора                                                                                                                                                                                                                                                                                                                                                                ; Постановлением Правительства Российской Федерации                                                                                                                                                                                                                                                                                                                                                                            ; Федеральным законом № 116-ФЗ                                                                                                                                                                                                                                                                                                                                ; Уставом организации
В каких случаях из перечисленных декларация промышленной безопасности не подлежит пересмотру?                                                                                                                                                                                                                                          ; В случае изменения технологических процессов на опасном производственном объекте                                                                                                                                                                                                                                                                                                                         ; _В случае смены руководителя организации, эксплуатирующей опасный производственный объект                                                                                                                                                                                                                                                                                                                                    ; По предписанию федерального органа исполнительной власти в области промышленной безопасности                                                                                                                                                                                                                                                                ; В случае изменения требований промышленной безопасности
Что из перечисленного не является лицензионным требованием к соискателю лицензии на эксплуатацию взрывопожароопасных и химически опасных производственных объектов I, II и III классов опасности?                                                                                                                                      ; Наличие документов, подтверждающих ввод объектов в эксплуатацию                                                                                                                                                                                                                                                                                                                                          ; Наличие на праве собственности или ином законном основании земельных участков, зданий, строений и сооружений                                                                                                                                                                                                                                                                                                                 ; _Наличие у руководителя организации высшего профильного образования и стажа работы по специальности не менее 10 лет                                                                                                                                                                                                                                         ; Наличие приборов и систем контроля, управления, сигнализации и противоаварийной автоматической защиты технологических процессов
Какое минимальное количество членов должно быть в аттестационной комиссии организации?                                                                                                                                                                                                                                                 ; Не менее 2 человек                                                                                                                                                                                                                                                                                                                                                                                       ; _Не менее 3 человек                                                                                                                                                                                                                                                                                                                                                                                                          ; Не менее 5 человек                                                                                                                                                                                                                                                                                                                                          ; Количество членов определяется руководителем организации по согласованию с профсоюзом
Как часто проводится периодическая аттестация работников в области промышленной безопасности?                                                                                                                                                                                                                                          ; Не реже одного раза в год                                                                                                                                                                                                                                                                                                                                                                                ; Не реже одного раза в три года                                                                                                                                                                                                                                                                                                                                                                                               ; _Не реже одного раза в пять лет                                                                                                                                                                                                                                                                                                                             ; Срок определяется руководителем организации
Кем устанавливаются требования к документационному обеспечению систем управления промышленной безопасностью?                                                                                                                                                                                                                           ; Ростехнадзором                                                                                                                                                                                                                                                                                                                                                                                           ; _Правительством Российской Федерации                                                                                                                                                                                                                                                                                                                                                                                         ; Федеральной службой по аккредитации                                                                                                                                                                                                                                                                                                                         ; Федеральным агентством по техническому регулированию и метрологии
Какой устанавливается срок действия для единого плана мероприятий по локализации и ликвидации последствий аварий на опасных производственных объектах, расположенных на одном земельном участке или на смежных земельных участках?                                                                                                     ; 3 года                                                                                                                                                                                                                                                                                                                                                                                                   ; 5 лет                                                                                                                                                                                                                                                                                                                                                                                                                        ; _Наименьший срок, предусмотренный в отношении этих объектов                                                                                                                                                                                                                                                                                                 ; Наибольший срок, предусмотренный в отношении этих объектов
Для каких организаций создание системы управления промышленной безопасностью является обязательным требованием?                                                                                                                                                                                                                        ; _Для организаций, эксплуатирующих опасные производственные объекты I и II классов опасности                                                                                                                                                                                                                                                                                                              ; Для организаций, эксплуатирующих опасные производственные объекты I, II и III классов опасности                                                                                                                                                                                                                                                                                                                              ; Для всех организаций, эксплуатирующих опасные производственные объекты                                                                                                                                                                                                                                                                                      ; Для всех юридических лиц
Какая документация определяет обязанности и права работников, на которых возложены функции лиц, ответственных за организацию и осуществление производственного контроля? Выберите два варианта ответа.                                                                                                                                 ; Постановление Правительства РФ «Об организации и осуществлении производственного контроля за соблюдением требований промышленной безопасности»                                                                                                                                                                                                                                                           ; План мероприятий по обеспечению промышленной безопасности на основании результатов проверки состояния промышленной безопасности                                                                                                                                                                                                                                                                                              ; _Положение о производственном контроле                                                                                                                                                                                                                                                                                                                      ; _Должностные инструкции или заключаемые с этими работниками договоры (контракты)
Какая мера ответственности предусматривается законодательством Российской Федерации для должностных лиц за невыполнение в установленный срок или ненадлежащее выполнение законного предписания органа исполнительной власти, осуществляющего федеральный государственный надзор в области промышленной безопасности?                   ; Наложение административного штрафа в размере от четырехсот тысяч до семисот тысяч рублей                                                                                                                                                                                                                                                                                                                 ; _Наложение административного штрафа в размере от пятнадцати тысяч до тридцати тысяч рублей или дисквалификация на срок до одного года                                                                                                                                                                                                                                                                                        ; Наложение административного штрафа в размере от тридцати тысяч до пятидесяти тысяч рублей или дисквалификация на срок от одного года до трех лет                                                                                                                                                                                                            ; Наложение административного штрафа в размере от пятидесяти тысяч до ста тысяч рублей или дисквалификация на срок от трех до пяти лет
Какие из перечисленных документов не предусматриваются в рамках организации документационного обеспечения систем управления промышленной безопасностью?                                                                                                                                                                                ; План мероприятий по снижению риска аварий на опасных производственных объектах на срок более 1 календарного года                                                                                                                                                                                                                                                                                         ; План мероприятий по обеспечению промышленной безопасности на календарный год                                                                                                                                                                                                                                                                                                                                                 ; План работ по модернизации опасного производственного объекта                                                                                                                                                                                                                                                                                               ; _Разработка всех перечисленных документов обязательна
На основании чего назначается специальная комиссия по техническому расследованию причин аварии?                                                                                                                                                                                                                                        ; На основании приказа руководителя эксплуатирующей организации                                                                                                                                                                                                                                                                                                                                            ; _На основании правового акта федерального органа исполнительной власти в области промышленной безопасности или его территориального органа                                                                                                                                                                                                                                                                                   ; На основании распоряжения главы администрации субъекта Российской Федерации, на территории которого произошла авария                                                                                                                                                                                                                                        ; На основании распоряжения Правительства Российской Федерации
Какой документ из перечисленных не входит в состав документов, содержащих результаты проведения производственного контроля, представляемых в Ростехнадзор (его территориальный орган)?                                                                                                                                                 ; План мероприятий по обеспечению промышленной безопасности на текущий год                                                                                                                                                                                                                                                                                                                                 ; Сведения о состоянии контрольно-измерительных приборов и автоматики                                                                                                                                                                                                                                                                                                                                                          ; _Информация о результатах оценки готовности эксплуатирующей организации к действиям по локализации и ликвидации последствий аварии                                                                                                                                                                                                                          ; Сведения о квалификации работников, осуществляющих производственный контроль
Каким документом устанавливаются требования к проведению аттестации в области промышленной безопасности, по вопросам безопасности гидротехнических сооружений, безопасности в сфере электроэнергетики?                                                                                                                                 ; Федеральным законом № 116-ФЗ «О промышленной безопасности опасных производственных объектов»                                                                                                                                                                                                                                                                                                             ; _Постановлением Правительства Российской Федерации                                                                                                                                                                                                                                                                                                                                                                           ; Приказом Ростехнадзора                                                                                                                                                                                                                                                                                                                                      ; Указом Президента Российской Федерации
В каких случаях не проводится внеочередная аттестация работников в области промышленной безопасности?                                                                                                                                                                                                                                  ; Если это предусмотрено нормативными правовыми актами, устанавливающими требования в области промышленной безопасности                                                                                                                                                                                                                                                                                    ; _При вводе в эксплуатацию нового оборудования                                                                                                                                                                                                                                                                                                                                                                                ; При установлении в ходе осуществления федерального государственного надзора в области промышленной безопасности недостаточности знаний требований промышленной безопасности                                                                                                                                                                                 ; После аварии на опасном производственном объекте, если в отношении работника выявлена его вина
Каким документом устанавливается процедура принятия решения о включении (об отказе во включении) сведений о заключении экспертизы промышленной безопасности в реестр заключений экспертизы промышленной безопасности?                                                                                                                  ; Постановлением Правительства Российской Федерации                                                                                                                                                                                                                                                                                                                                                        ; _Административным регламентом Ростехнадзора по предоставлению государственной услуги по ведению реестра заключений экспертизы промышленной безопасности                                                                                                                                                                                                                                                                      ; Приказом Ростехнадзора «Об утверждении федеральных норм и правил в области промышленной безопасности «Правила проведения экспертизы промышленной безопасности»                                                                                                                                                                                              ; Федеральным законом № 116-ФЗ
На какой срок аттестационными комиссиями организаций проводится аттестация?                                                                                                                                                                                                                                                            ; На 3 года                                                                                                                                                                                                                                                                                                                                                                                                ; _На 5 лет                                                                                                                                                                                                                                                                                                                                                                                                                    ; На срок, определяемый руководителем организации                                                                                                                                                                                                                                                                                                             ; Бессрочно
К какому классу опасности относятся опасные производственные объекты, на которых осуществляются графитные работы по добыче и обогащению полезных ископаемых (кроме общераспространенных)?                                                                                                                                              ; I класс опасности                                                                                                                                                                                                                                                                                                                                                                                        ; II класс опасности                                                                                                                                                                                                                                                                                                                                                                                                           ; _III класс опасности                                                                                                                                                                                                                                                                                                                                        ; IV класс опасности
Какие из перечисленных сведений об организации производственного контроля за соблюдением требований промышленной безопасности ежегодно направляются в Ростехнадзор?                                                                                                                                                                    ; План работы службы производственного контроля на текущий год                                                                                                                                                                                                                                                                                                                                             ; Копии договоров страхования ответственности за причинение вреда при эксплуатации опасного объекта                                                                                                                                                                                                                                                                                                                            ; _Сведения о состоянии технических устройств, применяемых на опасном производственном объекте                                                                                                                                                                                                                                                                ; Копии дипломов специалистов, ответственных за производственный контроль
В каком случае декларация промышленной безопасности должна пройти экспертизу промышленной безопасности?                                                                                                                                                                                                                                ; В случае ее разработки в составе проектной документации на строительство ОПО                                                                                                                                                                                                                                                                                                                             ; В случае ее разработки в составе проектной документации на реконструкцию ОПО                                                                                                                                                                                                                                                                                                                                                 ; _В случае ее разработки в составе проектной документации на техническое перевооружение ОПО                                                                                                                                                                                                                                                                  ; Во всех перечисленных случаях
Кем осуществляется расчет вреда (экономического и экологического ущерба) от аварии?                                                                                                                                                                                                                                                    ; _Организацией, на объекте которой произошла авария                                                                                                                                                                                                                                                                                                                                                       ; Комиссией по техническому расследованию аварии                                                                                                                                                                                                                                                                                                                                                                               ; Специализированной сторонней организацией                                                                                                                                                                                                                                                                                                                   ; Территориальным органом Ростехнадзора                                                                                                                                                                                                                                            ; Страховой организацией
Каким документом определяются квалификационные требования к специалистам, осуществляющим производственный контроль?                                                                                                                                                                                                                    ; Федеральным законом № 116-ФЗ                                                                                                                                                                                                                                                                                                                                                                             ; Уставом организации                                                                                                                                                                                                                                                                                                                                                                                                          ; _Профессиональными стандартами или квалификационными справочниками                                                                                                                                                                                                                                                                                          ; Решением руководителя организации
Что из перечисленного не является объектом экспертизы промышленной безопасности?                                                                                                                                                                                                                                                       ; Документация на консервацию опасного производственного объекта                                                                                                                                                                                                                                                                                                                                           ; Документация на ликвидацию опасного производственного объекта                                                                                                                                                                                                                                                                                                                                                                ; _Документация на капитальный ремонт опасного производственного объекта                                                                                                                                                                                                                                                                                      ; Документация на техническое перевооружение опасного производственного объекта
Какие сведения не указываются в акте технического расследования причин аварии?                                                                                                                                                                                                                                                         ; Краткая характеристика организации, где произошла авария                                                                                                                                                                                                                                                                                                                                                 ; Обстоятельства аварии                                                                                                                                                                                                                                                                                                                                                                                                        ; Причины аварии и лица, ответственные за допущенные нарушения                                                                                                                                                                                                                                                                                                ; _Сведения о финансовом состоянии эксплуатирующей организации
Что из перечисленного не входит в задачи технического расследования причин аварии?                                                                                                                                                                                                                                                     ; Установление обстоятельств и причин аварии                                                                                                                                                                                                                                                                                                                                                               ; Определение размера причиненного вреда                                                                                                                                                                                                                                                                                                                                                                                       ; Разработка мероприятий по устранению причин и предупреждению подобных аварий                                                                                                                                                                                                                                                                                ; _Привлечение виновных лиц к уголовной ответственности
Кто является страхователем по договору обязательного страхования ответственности за причинение вреда в результате аварии на опасном объекте?                                                                                                                                                                                           ; _Юридическое лицо или индивидуальный предприниматель, владеющие опасным объектом на праве собственности, праве хозяйственного ведения или праве оперативного управления либо на ином законном основании и осуществляющие эксплуатацию опасного объекта                                                                                                                                                   ; Юридические лица, владеющие опасным объектом на праве собственности, праве хозяйственного ведения или праве оперативного управления либо на ином законном основании, независимо от того, осуществляют они эксплуатацию опасного производственного объекта или нет                                                                                                                                                            ; Юридические лица, заключившие со страховщиками договоры страхования                                                                                                                                                                                                                                                                                         ; Юридическое лицо, владеющее опасным объектом на праве собственности
Кто из перечисленных лиц не входит в состав комиссии по техническому расследованию причин аварии?                                                                                                                                                                                                                                      ; Представители Ростехнадзора                                                                                                                                                                                                                                                                                                                                                                              ; Представители органов исполнительной власти субъекта РФ                                                                                                                                                                                                                                                                                                                                                                      ; _Представители страховой компании                                                                                                                                                                                                                                                                                                                           ; Представители эксплуатирующей организации
В форме какого контроля осуществляется обязательная оценка соответствия зданий и сооружений, а также связанных со зданиями и с сооружениями процессов эксплуатации?                                                                                                                                                                    ; В форме государственного строительного надзора и государственного контроля                                                                                                                                                                                                                                                                                                                               ; _В форме эксплуатационного и государственного контроля (надзора)                                                                                                                                                                                                                                                                                                                                                             ; В форме производственного контроля
В каких из перечисленных случаях осуществляется внесение изменений в реестр лицензий?                                                                                                                                                                                                                                                  ; В связи с окончанием срока действия                                                                                                                                                                                                                                                                                                                                                                      ; В случае изменения места жительства, имени, фамилии и (в случае, если имеется) отчества руководителя юридического лица                                                                                                                                                                                                                                                                                                       ; В случаях реорганизации юридического лица в форме преобразования, присоединения лицензиата к другому юридическому лицу                                                                                                                                                                                                                                      ; _Во всех перечисленных случаях
На кого возлагается обязанность страховать свою ответственность за причинение вреда в результате аварии на опасном объекте в соответствии с Федеральным законом от 27.07.2010 № 225-ФЗ «Об обязательном страховании гражданской ответственности владельца опасного объекта за причинение вреда в результате аварии на опасном объекте»?; На эксплуатирующую организацию независимо от того, является ли она владельцем опасного объекта или нет                                                                                                                                                                                                                                                                                                   ; На проектную организацию                                                                                                                                                                                                                                                                                                                                                                                                     ; _На владельца опасного объекта                                                                                                                                                                                                                                                                                                                              ; На экспертную организацию
Кто устанавливает перечень сведений, содержащихся в декларации и информационном листе (приложении к декларации), и порядок их оформления?                                                                                                                                                                                              ; Органы местного самоуправления по месту нахождения опасного производственного объекта                                                                                                                                                                                                                                                                                                                    ; _Федеральная служба по экологическому, технологическому и атомному надзору                                                                                                                                                                                                                                                                                                                                                   ; Организация, эксплуатирующая опасный производственный объект                                                                                                                                                                                                                                                                                                ; Правительство Российской Федерации
В каком случае экспертиза проектной документации по решению застройщика может не проводиться в отношении изменений, внесенных в проектную документацию, получившую положительное заключение экспертизы проектной документации?                                                                                                         ; Если такие изменения одновременно соответствуют заданию застройщика или технического заказа на проектирование, а также результатам инженерных изысканий                                                                                                                                                                                                                                                  ; _Если такие изменения одновременно не влекут за собой изменение класса, категории и (или) первоначально установленных показателей функционирования реконструируемого объекта, не приводят к изменениям его конструктивных характеристик, не превышают предельную стоимость капитального строительства                                                                                                                        ; Во всех перечисленных случаях                                                                                                                                                                                                                                                                                                                               ; Экспертиза обязательна при любых изменениях в проектной документации
Что из перечисленного входит в обязанности эксперта в области промышленной безопасности?                                                                                                                                                                                                                                               ; Проводить консультации для организаций по вопросам снижения рисков на опасном производственном объекте                                                                                                                                                                                                                                                                                                   ; Обеспечивать проведение экспертизы промышленной безопасности в соответствии с установленным порядком                                                                                                                                                                                                                                                                                                                         ; _Соблюдать установленный порядок проведения экспертизы промышленной безопасности и обеспечивать объективность и обоснованность заключений экспертизы промышленной безопасности                                                                                                                                                                              ; Все перечисленное
В течение какого времени со дня регистрации в государственном реестре опасных производственных объектов опасные производственные объекты, на которых эксплуатируются технические устройства — канатные дороги, подлежат страхованию?                                                                                                   ; Не позднее 15 календарных дней                                                                                                                                                                                                                                                                                                                                                                           ; Не позднее 20 рабочих дней                                                                                                                                                                                                                                                                                                                                                                                                   ; _В течение 30 календарных дней                                                                                                                                                                                                                                                                                                                              ; В течение 45 календарных дней
Какое количество членов аттестационной комиссии организации должно присутствовать при проведении аттестации?                                                                                                                                                                                                                           ; Не менее 2 членов комиссии                                                                                                                                                                                                                                                                                                                                                                               ; _Не менее 3 членов комиссии                                                                                                                                                                                                                                                                                                                                                                                                  ; Не менее 5 членов комиссии                                                                                                                                                                                                                                                                                                                                  ; Вся комиссия в полном составе
Кто утверждает график проведения аттестации в организации?                                                                                                                                                                                                                                                                             ; Председатель профсоюзного комитета                                                                                                                                                                                                                                                                                                                                                                       ; _Руководитель организации или его заместитель                                                                                                                                                                                                                                                                                                                                                                                ; Начальник отдела кадров                                                                                                                                                                                                                                                                                                                                     ; Инспектор Ростехнадзора
Какие документы предоставляются в Ростехнадзор для внесения изменений в реестр лицензий в случае изменения адреса места осуществления лицензируемого вида деятельности?                                                                                                                                                                ; Копия приказа о назначении на должность руководителя организации                                                                                                                                                                                                                                                                                                                                         ; Сведения об уплате государственной пошлины                                                                                                                                                                                                                                                                                                                                                                                   ; _Заявление о внесении изменений в реестр лицензий с указанием нового адреса и документы, подтверждающие наличие необходимых зданий и оборудования по новому адресу                                                                                                                                                                                          ; Копии дипломов экспертов в области промышленной безопасности
Каким документом из перечисленных не устанавливаются требования промышленной безопасности?                                                                                                                                                                                                                                             ; Федеральными нормами и правилами в области промышленной безопасности                                                                                                                                                                                                                                                                                                                                     ; Обоснованием безопасности опасного производственного объекта                                                                                                                                                                                                                                                                                                                                                                 ; Федеральным законом № 116-ФЗ                                                                                                                                                                                                                                                                                                                                ; _Техническим заданием на проектирование опасного производственного объекта
Какие из перечисленных видов деятельности не подлежат лицензированию в соответствии с Федеральным законом № 116-ФЗ?                                                                                                                                                                                                                    ; Деятельность по проведению экспертизы промышленной безопасности                                                                                                                                                                                                                                                                                                                                          ; Деятельность, связанная с обращением взрывчатых материалов промышленного назначения                                                                                                                                                                                                                                                                                                                                          ; _Деятельность по подготовке кадров для работы на опасных производственных объектах                                                                                                                                                                                                                                                                          ; Эксплуатация взрывопожароопасных и химически опасных производственных объектов I, II и III классов опасности
В каком формате представляется в Ростехнадзор информация об организации производственного контроля за соблюдением требований промышленной безопасности?                                                                                                                                                                                ; Только в бумажном виде                                                                                                                                                                                                                                                                                                                                                                                   ; _В электронном виде в формате XML                                                                                                                                                                                                                                                                                                                                                                                            ; В формате PDF на CD-диске                                                                                                                                                                                                                                                                                                                                   ; В виде презентации
К какому классу опасности относятся опасные производственные объекты, на которых получаются, используются, перерабатываются, образуются, хранятся, транспортируются, уничтожаются опасные вещества (токсичные вещества) в количестве от 200 тонн и более?                                                                              ; I класс опасности                                                                                                                                                                                                                                                                                                                                                                                        ; _II класс опасности                                                                                                                                                                                                                                                                                                                                                                                                          ; III класс опасности                                                                                                                                                                                                                                                                                                                                         ; IV класс опасности
Каким документом устанавливается форма акта технического расследования причин аварии?                                                                                                                                                                                                                                                  ; Федеральным законом № 116-ФЗ                                                                                                                                                                                                                                                                                                                                                                             ; Постановлением Правительства РФ                                                                                                                                                                                                                                                                                                                                                                                              ; _Нормативным правовым актом Ростехнадзора                                                                                                                                                                                                                                                                                                                   ; Внутренним приказом организации
В какие сроки осуществляется техническое расследование причин аварии?                                                                                                                                                                                                                                                                  ; В срок до 15 рабочих дней                                                                                                                                                                                                                                                                                                                                                                                ; В срок до 20 рабочих дней                                                                                                                                                                                                                                                                                                                                                                                                    ; _В срок до 30 календарных дней                                                                                                                                                                                                                                                                                                                              ; Срок не ограничен и определяется председателем комиссии
Какую информацию не содержит заключение экспертизы промышленной безопасности?                                                                                                                                                                                                                                                          ; Наименование экспертизы                                                                                                                                                                                                                                                                                                                                                                                  ; Сведения об объекте экспертизы                                                                                                                                                                                                                                                                                                                                                                                               ; _Сведения о стоимости проведения экспертизы                                                                                                                                                                                                                                                                                                                 ; Выводы экспертизы
Как часто должна пересматриваться декларация промышленной безопасности?                                                                                                                                                                                                                                                                ; Раз в 3 года                                                                                                                                                                                                                                                                                                                                                                                             ; Раз в 5 лет                                                                                                                                                                                                                                                                                                                                                                                                                  ; _Раз в 10 лет, а также в случае изменения технологических процессов или требований безопасности                                                                                                                                                                                                                                                             ; По решению руководителя организации
Что должна включать в себя программа мероприятий по предотвращению причинения вреда при подтверждении достоверности информации о несоответствии продукции требованиям технических регламентов?                                                                                                                                         ; Мероприятия по оповещению приобретателей, в том числе потребителей, о наличии угрозы причинения вреда                                                                                                                                                                                                                                                                                                    ; Способы предотвращения вреда                                                                                                                                                                                                                                                                                                                                                                                                 ; Сроки реализации мероприятий                                                                                                                                                                                                                                                                                                                                ; _Все перечисленное
Какой размер страховой выплаты за вред, причиненный здоровью каждого потерпевшего в результате аварии на опасном производственном объекте?                                                                                                                                                                                             ; Не более 360 тысяч рублей                                                                                                                                                                                                                                                                                                                                                                                ; Не более 500 тысяч рублей                                                                                                                                                                                                                                                                                                                                                                                                    ; _Не более 3 миллионов рублей                                                                                                                                                                                                                                                                                                                                ; Не более 2 миллионов рублей
Кем обеспечивается деятельность по организации и осуществлению производственного контроля на подведомственных эксплуатирующих организациях?                                                                                                                                                                                            ; Федеральными органами законодательной власти                                                                                                                                                                                                                                                                                                                                                             ; _Федеральными органами исполнительной власти                                                                                                                                                                                                                                                                                                                                                                                 ; Российской ассоциацией научных центров                                                                                                                                                                                                                                                                                                                      ; Российской академией наук
Какие перечисленные документы содержит в себе документация системы управления промышленной безопасностью?                                                                                                                                                                                                                              ; Документы планирования мероприятий по снижению риска аварий на опасных производственных объектах                                                                                                                                                                                                                                                                                                         ; Заявление о политике эксплуатирующих организаций в области промышленной безопасности                                                                                                                                                                                                                                                                                                                                         ; Положение о системе управления промышленной безопасности                                                                                                                                                                                                                                                                                                    ; Положение (положения) о производственном контроле за соблюдением требований промышленной безопасности на опасных производственных объектах                                                                                                                                       ; _Все перечисленные документы
Кем ведется реестр заключений экспертизы промышленной безопасности?                                                                                                                                                                                                                                                                    ; Федеральным автономным учреждением «Главное управление государственной экспертизы»                                                                                                                                                                                                                                                                                                                       ; Федеральным агентством по техническому регулированию и метрологии                                                                                                                                                                                                                                                                                                                                                            ; Федеральной службой по аккредитации                                                                                                                                                                                                                                                                                                                         ; _Ростехнадзором и его территориальными органами
Какой устанавливается срок проведения государственной экспертизы проектной документации и результатов инженерных изысканий в соответствии с Градостроительным кодексом Российской Федерации?                                                                                                                                           ; Определяется сложностью объекта капитального строительства, но не должен превышать тридцать пять рабочих дней                                                                                                                                                                                                                                                                                            ; Определяется сложностью объекта капитального строительства, но не должен превышать сорок календарных дней                                                                                                                                                                                                                                                                                                                    ; Определяется сложностью объекта капитального строительства, но не должен превышать сорок два рабочих дня                                                                                                                                                                                                                                                    ; _Определяется сложностью объекта капитального строительства, но не должен превышать тридцать рабочих дней
Кем представляются сведения, необходимые для формирования и ведения государственного реестра опасных производственных объектов, в Ростехнадзор?                                                                                                                                                                                        ; Территориальными органами МЧС России                                                                                                                                                                                                                                                                                                                                                                     ; Территориальными органами Ростехнадзора                                                                                                                                                                                                                                                                                                                                                                                      ; Федеральными государственными учреждениями, эксплуатирующими опасные производственные объекты                                                                                                                                                                                                                                                               ; _Юридическими лицами независимо от организационно-правовой формы и индивидуальными предпринимателями, осуществляющими эксплуатацию опасных производственных объектов
На какой срок может быть продлен срок проведения технического расследования причин аварии?                                                                                                                                                                                                                                             ; Не более чем на 10 календарных дней                                                                                                                                                                                                                                                                                                                                                                      ; _Не более чем на 15 календарных дней                                                                                                                                                                                                                                                                                                                                                                                         ; Не более чем на 30 календарных дней                                                                                                                                                                                                                                                                                                                         ; Срок не может быть продлен
Какие из перечисленных видов деятельности не подлежат лицензированию в соответствии с Федеральным законом № 116-ФЗ?                                                                                                                                                                                                                    ; Деятельность по проведению экспертизы промышленной безопасности                                                                                                                                                                                                                                                                                                                                          ; Эксплуатация взрывопожароопасных и химически опасных производственных объектов I, II и III классов опасности                                                                                                                                                                                                                                                                                                                 ; Деятельность, связанная с обращением взрывчатых материалов промышленного назначения                                                                                                                                                                                                                                                                         ; _Деятельность по подготовке кадров для работы на опасных производственных объектах
На основании чего устанавливается размер страховой суммы за причинение вреда в результате аварии на опасном объекте?                                                                                                                                                                                                                   ; На основании договора между страхователем и страховщиком                                                                                                                                                                                                                                                                                                                                                 ; На основании оценки рыночной стоимости имущества предприятия                                                                                                                                                                                                                                                                                                                                                                 ; _На основании классификации опасного объекта и его характеристик, предусмотренных законодательством об обязательном страховании                                                                                                                                                                                                                             ; На основании решения органов местного самоуправления
Кто несет ответственность за организацию и осуществление производственного контроля?                                                                                                                                                                                                                                                   ; Технический руководитель организации                                                                                                                                                                                                                                                                                                                                                                     ; Специалист, ответственный за производственный контроль                                                                                                                                                                                                                                                                                                                                                                       ; _Руководитель эксплуатирующей организации (индивидуальный предприниматель)                                                                                                                                                                                                                                                                                  ; Главный инженер предприятия
Что из перечисленного не входит в задачи системы управления промышленной безопасностью?                                                                                                                                                                                                                                                ; Определение политики и целей эксплуатирующих организаций в области промышленной безопасности                                                                                                                                                                                                                                                                                                             ; Планирование и реализация мероприятий по снижению риска аварий на опасных производственных объектах                                                                                                                                                                                                                                                                                                                          ; _Обеспечение финансовой устойчивости организации при выплате компенсаций пострадавшим                                                                                                                                                                                                                                                                       ; Участие работников в деятельности по управлению промышленной безопасностью
Как часто должна проводиться проверка знаний требований промышленной безопасности у работников, осуществляющих деятельность на опасных производственных объектах?                                                                                                                                                                      ; Не реже одного раза в год                                                                                                                                                                                                                                                                                                                                                                                ; Не реже одного раза в три года                                                                                                                                                                                                                                                                                                                                                                                               ; _Не реже одного раза в пять лет                                                                                                                                                                                                                                                                                                                             ; По решению руководителя организации
Какие сведения не включаются в состав декларации промышленной безопасности?                                                                                                                                                                                                                                                            ; Результаты анализа безопасности                                                                                                                                                                                                                                                                                                                                                                          ; _Сведения о маркетинговой стратегии организации                                                                                                                                                                                                                                                                                                                                                                              ; Обеспечение требований промышленной безопасности                                                                                                                                                                                                                                                                                                            ; Общие сведения об организации и объекте
В какие сроки эксплуатирующая организация обязана представить информацию об инцидентах, происшедших на опасных производственных объектах, в территориальный орган Ростехнадзора?                                                                                                                                                       ; Не позднее 10 дней после происшествия                                                                                                                                                                                                                                                                                                                                                                    ; Ежемесячно                                                                                                                                                                                                                                                                                                                                                                                                                   ; _Ежеквартально                                                                                                                                                                                                                                                                                                                                              ; Раз в полгода
Кто имеет право осуществлять экспертизу промышленной безопасности?                                                                                                                                                                                                                                                                     ; Любая проектная организация                                                                                                                                                                                                                                                                                                                                                                              ; Организация, аккредитованная в области строительства                                                                                                                                                                                                                                                                                                                                                                         ; _Организация, имеющая лицензию на осуществление указанной деятельности                                                                                                                                                                                                                                                                                      ; Специалисты Ростехнадзора
С какой даты заключение экспертизы промышленной безопасности может быть использовано в целях, предусмотренных Федеральным законом № 116-ФЗ?                                                                                                                                                                                            ; С даты его подписания экспертами                                                                                                                                                                                                                                                                                                                                                                         ; С даты утверждения руководителем экспертной организации                                                                                                                                                                                                                                                                                                                                                                      ; _С даты его внесения в реестр заключений экспертизы промышленной безопасности                                                                                                                                                                                                                                                                               ; Через 10 дней после подписания
В течение какого времени изменения, внесенные в обоснование безопасности ОПО, должны быть направлены в Ростехнадзор?                                                                                                                                                                                                                   ; В течение 10 рабочих дней со дня их утверждения                                                                                                                                                                                                                                                                                                                                                          ; В течение 20 рабочих дней со дня их утверждения                                                                                                                                                                                                                                                                                                                                                                              ; _В течение 30 рабочих дней со дня их утверждения                                                                                                                                                                                                                                                                                                            ; Срок не регламентирован
Какая мера ответственности предусмотрена за нарушение требований промышленной безопасности, повлекшее смерть человека по неосторожности?                                                                                                                                                                                               ; Административный штраф                                                                                                                                                                                                                                                                                                                                                                                   ; _Уголовная ответственность                                                                                                                                                                                                                                                                                                                                                                                                   ; Дисциплинарное взыскание                                                                                                                                                                                                                                                                                                                                    ; Гражданско-правовая ответственность
Что из перечисленного не является объектом экспертизы промышленной безопасности?                                                                                                                                                                                                                                                       ; Здания и сооружения на ОПО                                                                                                                                                                                                                                                                                                                                                                               ; _Документация на капитальный ремонт ОПО                                                                                                                                                                                                                                                                                                                                                                                      ; Технические устройства, применяемые на ОПО                                                                                                                                                                                                                                                                                                                  ; Декларация промышленной безопасности
Что из перечисленного является объектом обязательного подтверждения соответствия согласно Федеральному закону «О техническом регулировании»?                                                                                                                                                                                           ; Процессы производства и эксплуатации                                                                                                                                                                                                                                                                                                                                                                     ; Работы и услуги                                                                                                                                                                                                                                                                                                                                                                                                              ; _Продукция                                                                                                                                                                                                                                                                                                                                                  ; Все перечисленное
На какие виды машин и (или) оборудования не распространяется Технический регламент Таможенного союза «О безопасности машин и оборудования»?                                                                                                                                                                                            ; На железнодорожный подвижной состав и метрополитен                                                                                                                                                                                                                                                                                                                                                       ; На оборудование, связанное с обеспечением функционирования сетей связи                                                                                                                                                                                                                                                                                                                                                       ; На оборудование, предназначенное для эксплуатации лицами с ограниченными физическими возможностями                                                                                                                                                                                                                                                          ; _На все перечисленные
В отношении каких перечисленных опасных объектов должен быть заключен договор обязательного страхования?                                                                                                                                                                                                                               ; В отношении всего предприятия                                                                                                                                                                                                                                                                                                                                                                            ; В отношении только декларируемых опасных производственных объектов                                                                                                                                                                                                                                                                                                                                                           ; _В отношении каждого опасного объекта, если иное не предусмотрено договором в отношении опасных объектов                                                                                                                                                                                                                                                    ; В отношении групп опасных объектов
Кто устанавливает порядок проведения аттестации в области промышленной безопасности?                                                                                                                                                                                                                                                   ; Федеральные органы исполнительной власти в области промышленной безопасности                                                                                                                                                                                                                                                                                                                             ; Федеральная служба по экологическому, технологическому и атомному надзору                                                                                                                                                                                                                                                                                                                                                    ; Федеральное агентство по техническому регулированию и метрологии                                                                                                                                                                                                                                                                                            ; _Правительство Российской Федерации
Куда представляется утвержденный экземпляр декларации промышленной безопасности опасных производственных объектов?                                                                                                                                                                                                                     ; В Федеральную службу по экологическому, технологическому и атомному надзору                                                                                                                                                                                                                                                                                                                              ; В Федеральную службу по гидрометеорологии и мониторингу окружающей среды                                                                                                                                                                                                                                                                                                                                                     ; В Федеральную службу по надзору в сфере природопользования                                                                                                                                                                                                                                                                                                  ; _В Федеральную службу по аккредитации
В какой срок с даты подписания правового акта о назначении комиссии проводится техническое расследование причин аварии комиссией по техническому расследованию?                                                                                                                                                                        ; В течение 20 рабочих дней                                                                                                                                                                                                                                                                                                                                                                                ; В течение 30 рабочих дней                                                                                                                                                                                                                                                                                                                                                                                                    ; _В течение 30 календарных дней                                                                                                                                                                                                                                                                                                                              ; В течение 45 календарных дней
Какой из перечисленных случаев признается страховым?                                                                                                                                                                                                                                                                                   ; Если вред, причиненный в период действия договора страхования, является результатом последствий или продолжающегося воздействия аварии, произошедшей до заключения договора обязательного страхования                                                                                                                                                                                                    ; _Если причинен вред потерпевшим, явившийся результатом последствий воздействия аварии, произошедшей в период действия договора обязательного страхования, которое влечет за собой обязанность страховщика произвести страховую выплату потерпевшим                                                                                                                                                                           ; Если в результате аварии на опасном объекте после окончания действия договора страхования причинен вред нескольким потерпевшим
В каком случае руководитель или иное уполномоченное лицо организации, эксплуатирующей опасный производственный объект, должен представлять утвержденный экземпляр декларации в Ростехнадзор?                                                                                                                                           ; В случае, если декларация разработана в составе проектной документации на строительство ОПО                                                                                                                                                                                                                                                                                                              ; _В случае, если декларация разработана в составе проектной документации на техническое перевооружение ОПО                                                                                                                                                                                                                                                                                                                    ; В случае, если декларация разработана по инициативе эксплуатирующей организации                                                                                                                                                                                                                                                                             ; Во всех перечисленных случаях
Какая мера ответственности предусматривается за нарушение требований промышленной безопасности, если это нарушение повлекло по неосторожности причинение тяжкого вреда здоровью человека?                                                                                                                                              ; Наложение административного штрафа на должностных лиц до 50 тысяч рублей                                                                                                                                                                                                                                                                                                                                 ; _Уголовная ответственность в соответствии с Уголовным кодексом Российской Федерации                                                                                                                                                                                                                                                                                                                                          ; Дисквалификация на срок до трех лет                                                                                                                                                                                                                                                                                                                         ; Административное приостановление деятельности на срок до 90 суток
Какие требования устанавливаются федеральными нормами и правилами в области промышленной безопасности?                                                                                                                                                                                                                                 ; Требования к финансовой устойчивости эксплуатирующих организаций                                                                                                                                                                                                                                                                                                                                         ; Требования к квалификации акционеров организации                                                                                                                                                                                                                                                                                                                                                                             ; _Требования к технологическим процессам, зданиям и сооружениям на опасных производственных объектах                                                                                                                                                                                                                                                         ; Требования к маркетинговым исследованиям в области безопасности
Кто утверждает план мероприятий по локализации и ликвидации последствий аварий на опасных производственных объектах?                                                                                                                                                                                                                   ; Председатель профсоюзного комитета                                                                                                                                                                                                                                                                                                                                                                       ; _Руководитель организации, эксплуатирующей объект                                                                                                                                                                                                                                                                                                                                                                            ; Главный инженер проектной организации                                                                                                                                                                                                                                                                                                                       ; Инспектор территориального органа Ростехнадзора
На какой срок выдается лицензия на эксплуатацию взрывопожароопасных и химически опасных производственных объектов?                                                                                                                                                                                                                     ; На 3 года                                                                                                                                                                                                                                                                                                                                                                                                ; На 5 лет                                                                                                                                                                                                                                                                                                                                                                                                                     ; На 10 лет                                                                                                                                                                                                                                                                                                                                                   ; _Бессрочно
К какому классу опасности относятся опасные производственные объекты, на которых используются стационарно установленные канатные дороги?                                                                                                                                                                                               ; I класс опасности                                                                                                                                                                                                                                                                                                                                                                                        ; II класс опасности                                                                                                                                                                                                                                                                                                                                                                                                           ; _III класс опасности                                                                                                                                                                                                                                                                                                                                        ; IV класс опасности
Какие из перечисленных сведений не подлежат отражению в отчете о производственном контроле?                                                                                                                                                                                                                                            ; Сведения о выполнении плана мероприятий по обеспечению промышленной безопасности                                                                                                                                                                                                                                                                                                                         ; Сведения о результатах проверок состояния промышленной безопасности                                                                                                                                                                                                                                                                                                                                                          ; _Сведения о чистой прибыли организации за отчетный период                                                                                                                                                                                                                                                                                                   ; Сведения о подготовке и аттестации работников в области промышленной безопасности
В течение какого времени эксплуатирующая организация обязана направить информацию о происшедшей аварии в территориальный орган Ростехнадзора?                                                                                                                                                                                          ; В течение 2 часов                                                                                                                                                                                                                                                                                                                                                                                        ; В течение 12 часов                                                                                                                                                                                                                                                                                                                                                                                                           ; _В течение 24 часов                                                                                                                                                                                                                                                                                                                                         ; В течение 3 рабочих дней
Кем осуществляется техническое расследование причин инцидента на опасном производственном объекте?                                                                                                                                                                                                                                     ; Комиссией, возглавляемой представителем Ростехнадзора                                                                                                                                                                                                                                                                                                                                                    ; _Комиссией, назначаемой руководителем организации, эксплуатирующей опасный производственный объект                                                                                                                                                                                                                                                                                                                           ; Комиссией, назначаемой органами местного самоуправления                                                                                                                                                                                                                                                                                                     ; Сторонней экспертной организацией
Что является объектом обязательного страхования гражданской ответственности владельца опасного объекта?                                                                                                                                                                                                                                ; Технические устройства                                                                                                                                                                                                                                                                                                                                                                                   ; _Имущественные интересы владельца опасного объекта, связанные с его обязанностью возместить вред, причиненный потерпевшим                                                                                                                                                                                                                                                                                                    ; Здания и сооружения                                                                                                                                                                                                                                                                                                                                         ; Прибыль предприятия
На какой максимальный срок может быть приостановлено действие лицензии в случае выявления грубых нарушений лицензионных требований?                                                                                                                                                                                                    ; До 30 суток                                                                                                                                                                                                                                                                                                                                                                                              ; До 60 суток                                                                                                                                                                                                                                                                                                                                                                                                                  ; _До 90 суток                                                                                                                                                                                                                                                                                                                                                ; До устранения нарушений, но не более чем на год
Какая организация имеет право проводить экспертизу декларации промышленной безопасности?                                                                                                                                                                                                                                               ; Организация, имеющая лицензию на проектирование ОПО                                                                                                                                                                                                                                                                                                                                                      ; _Организация, имеющая лицензию на проведение экспертизы промышленной безопасности                                                                                                                                                                                                                                                                                                                                            ; Научно-исследовательский институт                                                                                                                                                                                                                                                                                                                           ; Любое юридическое лицо
Каким документом устанавливается порядок ведения государственного реестра опасных производственных объектов?                                                                                                                                                                                                                           ; Федеральным законом № 116-ФЗ                                                                                                                                                                                                                                                                                                                                                                             ; _Постановлением Правительства Российской Федерации                                                                                                                                                                                                                                                                                                                                                                           ; Приказом Ростехнадзора                                                                                                                                                                                                                                                                                                                                      ; Уставом организации
Кем устанавливаются критерии классификации опасных производственных объектов?                                                                                                                                                                                                                                                          ; Президентом Российской Федерации                                                                                                                                                                                                                                                                                                                                                                         ; _Федеральным законом № 116-ФЗ                                                                                                                                                                                                                                                                                                                                                                                                ; Руководителем Ростехнадзора                                                                                                                                                                                                                                                                                                                                 ; Министерством экономического развития
Что из перечисленного входит в обязанности организации, эксплуатирующей опасный производственный объект?                                                                                                                                                                                                                               ; Обеспечивать проведение подготовки и аттестации работников в области промышленной безопасности                                                                                                                                                                                                                                                                                                           ; Иметь лицензию на осуществление конкретного вида деятельности в области промышленной безопасности                                                                                                                                                                                                                                                                                                                            ; Организовывать и осуществлять производственный контроль                                                                                                                                                                                                                                                                                                     ; _Все перечисленное
В какой срок необходимо уведомить лицензирующий орган об изменении места нахождения юридического лица?                                                                                                                                                                                                                                 ; В срок, не превышающий 10 рабочих дней                                                                                                                                                                                                                                                                                                                                                                   ; _В срок, не превышающий 15 рабочих дней                                                                                                                                                                                                                                                                                                                                                                                      ; В срок, не превышающий 20 рабочих дней                                                                                                                                                                                                                                                                                                                      ; В срок, не превышающий 30 рабочих дней
Что понимается под требованиями промышленной безопасности в соответствии с Федеральным законом № 116-ФЗ?                                                                                                                                                                                                                               ; Условия, запреты, ограничения, а также другие обязательные требования, содержащиеся в федеральных законах, соблюдение которых обеспечивает промышленную безопасность                                                                                                                                                                                                                                     ; Условия, запреты, ограничения, установленные в нормативных актах, соблюдение которых обеспечивает состояние защищенности жизненно важных интересов личности и общества от аварий на опасных производственных объектах                                                                                                                                                                                                        ; _Условия, запреты, ограничения и другие обязательные требования, содержащиеся в Федеральном законе № 116-ФЗ, других федеральных законах, принимаемых в соответствии с ними нормативных правовых актах Президента РФ, Правительства РФ, а также федеральных нормах и правилах в области промышленной безопасности
Что из перечисленного не подлежит экспертизе промышленной безопасности?                                                                                                                                                                                                                                                                ; Технические устройства, применяемые на опасном производственном объекте                                                                                                                                                                                                                                                                                                                                  ; Документация на техническое перевооружение, консервацию и ликвидацию опасного производственного объекта                                                                                                                                                                                                                                                                                                                      ; Обоснование безопасности опасного производственного объекта, а также изменения, вносимые в обоснование безопасности опасного производственного объекта                                                                                                                                                                                                      ; Здания и сооружения на опасном производственном объекте, предназначенные для технологических процессов, хранения сырья или продукции, перемещения людей и грузов, локализации и ликвидации последствий аварий                                                                    ; _Декларация промышленной безопасности, разрабатываемая в составе документации на техническое перевооружение (в случае, если указанная документация входит в состав проектной документации опасного производственного объекта, подлежащей экспертизе в соответствии с законодательством о градостроительной деятельности)
Кем проводится строительный контроль?                                                                                                                                                                                                                                                                                                  ; _Подрядчиком и застройщиком, техническим заказчиком, лицом, ответственным за эксплуатацию здания, сооружения либо организацией, осуществляющей подготовку проектной документации и привлеченной техническим заказчиком (застройщиком) по договору для осуществления строительного контроля                                                                                                               ; Органом исполнительной власти субъектов Российской Федерации, уполномоченным на осуществление регионального строительного надзора                                                                                                                                                                                                                                                                                            ; Федеральным органом исполнительной власти, уполномоченным на осуществление федерального государственного строительного надзора                                                                                                                                                                                                                              ; Органом местного самоуправления
На какие из перечисленных объектов не распространяется действие Федерального закона «Об обязательном страховании гражданской ответственности владельца опасного объекта за причинение вреда в результате аварии на опасном объекте»?                                                                                                   ; _Объекты использования атомной энергии                                                                                                                                                                                                                                                                                                                                                                   ; Автозаправочные станции жидкого моторного топлива                                                                                                                                                                                                                                                                                                                                                                            ; Гидротехнические сооружения                                                                                                                                                                                                                                                                                                                                 ; Лифты, подъемные платформы для инвалидов, эскалаторы
В каком случае допускается отступление от требований промышленной безопасности, установленных федеральными нормами и правилами в области промышленной безопасности?                                                                                                                                                                    ; В случае если это предусмотрено техническим заданием на проектирование                                                                                                                                                                                                                                                                                                                                   ; В случае если это предусмотрено договором на эксплуатацию опасного производственного объекта                                                                                                                                                                                                                                                                                                                                 ; _В случае если при проектировании, строительстве, эксплуатации, реконструкции, капитальном ремонте, техническом перевооружении, консервации или ликвидации опасного производственного объекта требуется такое отступление и установленных требований недостаточно и (или) они не установлены, при условии разработки обоснования безопасности такого объекта; Отступление от требований промышленной безопасности не допускается ни при каких условиях
Какие из перечисленных видов деятельности не подлежат лицензированию в соответствии с Федеральным законом № 116-ФЗ?                                                                                                                                                                                                                    ; Деятельность по проведению экспертизы промышленной безопасности                                                                                                                                                                                                                                                                                                                                          ; Эксплуатация взрывопожароопасных и химически опасных производственных объектов I, II и III классов опасности                                                                                                                                                                                                                                                                                                                 ; Деятельность, связанная с обращением взрывчатых материалов промышленного назначения                                                                                                                                                                                                                                                                         ; _Деятельность по подготовке кадров для работы на опасных производственных объектах в области промышленной безопасности
В каких случаях не проводится первичная аттестация работников в области промышленной безопасности?                                                                                                                                                                                                                                     ; При назначении на должность, при исполнении должностных обязанностей по которой требуется проведение аттестации                                                                                                                                                                                                                                                                                          ; При переводе на другую работу, если при исполнении трудовых обязанностей на этой работе требуется проведение аттестации по другим областям аттестации                                                                                                                                                                                                                                                                        ; При заключении трудового договора с работником, исполнение должностных обязанностей которого требует проведения аттестации                                                                                                                                                                                                                                  ; _При выходе из декретного отпуска на ту же должность в ту же организацию
Каким документом устанавливается процедура принятия решения о включении (об отказе во включении) сведений о заключении экспертизы промышленной безопасности в реестр заключений экспертизы промышленной безопасности?                                                                                                                  ; Постановлением Правительства Российской Федерации                                                                                                                                                                                                                                                                                                                                                        ; _Административным регламентом Ростехнадзора по предоставлению государственной услуги по ведению реестра заключений экспертизы промышленной безопасности                                                                                                                                                                                                                                                                      ; Приказом Ростехнадзора «Об утверждении федеральных норм и правил в области промышленной безопасности «Правила проведения экспертизы промышленной безопасности»                                                                                                                                                                                              ; Федеральным законом № 116-ФЗ
На какой срок аттестационными комиссиями организаций проводится аттестация?                                                                                                                                                                                                                                                            ; На 3 года                                                                                                                                                                                                                                                                                                                                                                                                ; _На 5 лет                                                                                                                                                                                                                                                                                                                                                                                                                    ; На срок, определяемый руководителем организации                                                                                                                                                                                                                                                                                                             ; Бессрочно
К какому классу опасности относятся опасные производственные объекты, на которых осуществляются горные работы по добыче и обогащению полезных ископаемых (кроме общераспространенных)?                                                                                                                                                 ; I класс опасности                                                                                                                                                                                                                                                                                                                                                                                        ; II класс опасности                                                                                                                                                                                                                                                                                                                                                                                                           ; _III класс опасности                                                                                                                                                                                                                                                                                                                                        ; IV класс опасности
Какие из перечисленных сведений об организации производственного контроля за соблюдением требований промышленной безопасности ежегодно направляются в Ростехнадзор?                                                                                                                                                                    ; План работы службы производственного контроля на текущий год                                                                                                                                                                                                                                                                                                                                             ; Копии договоров страхования ответственности за причинение вреда при эксплуатации опасного объекта                                                                                                                                                                                                                                                                                                                            ; _Сведения о состоянии технических устройств, применяемых на опасном производственном объекте                                                                                                                                                                                                                                                                ; Копии дипломов специалистов, ответственных за производственный контроль
В каком случае декларация промышленной безопасности должна пройти экспертизу промышленной безопасности?                                                                                                                                                                                                                                ; В случае ее разработки в составе проектной документации на строительство ОПО                                                                                                                                                                                                                                                                                                                             ; В случае ее разработки в составе проектной документации на реконструкцию ОПО                                                                                                                                                                                                                                                                                                                                                 ; _В случае ее разработки в составе проектной документации на техническое перевооружение ОПО                                                                                                                                                                                                                                                                  ; Во всех перечисленных случаях
Кем осуществляется расчет вреда (экономического и экологического ущерба) от аварии?                                                                                                                                                                                                                                                    ; _Организацией, на объекте которой произошла авария                                                                                                                                                                                                                                                                                                                                                       ; Комиссией по техническому расследованию аварии                                                                                                                                                                                                                                                                                                                                                                               ; Специализированной сторонней организацией                                                                                                                                                                                                                                                                                                                   ; Территориальным органом Ростехнадзора                                                                                                                                                                                                                                            ; Страховой организацией
Каким документом определяются квалификационные требования к специалистам, осуществляющим производственный контроль?                                                                                                                                                                                                                    ; Федеральным законом № 116-ФЗ                                                                                                                                                                                                                                                                                                                                                                             ; Уставом организации                                                                                                                                                                                                                                                                                                                                                                                                          ; _Профессиональными стандартами или квалификационными справочниками                                                                                                                                                                                                                                                                                          ; Решением руководителя организации
Что из перечисленного не является объектом экспертизы промышленной безопасности?                                                                                                                                                                                                                                                       ; Документация на консервацию опасного производственного объекта                                                                                                                                                                                                                                                                                                                                           ; Документация на ликвидацию опасного производственного объекта                                                                                                                                                                                                                                                                                                                                                                ; _Документация на капитальный ремонт опасного производственного объекта                                                                                                                                                                                                                                                                                      ; Документация на техническое перевооружение опасного производственного объекта
Какие сведения не указываются в акте технического расследования причин аварии?                                                                                                                                                                                                                                                         ; Краткая характеристика организации, где произошла авария                                                                                                                                                                                                                                                                                                                                                 ; Обстоятельства аварии                                                                                                                                                                                                                                                                                                                                                                                                        ; Причины аварии и лица, ответственные за допущенные нарушения                                                                                                                                                                                                                                                                                                ; _Сведения о финансовом состоянии эксплуатирующей организации
Что из перечисленного не входит в задачи технического расследования причин аварии?                                                                                                                                                                                                                                                     ; Установление обстоятельств и причин аварии                                                                                                                                                                                                                                                                                                                                                               ; Определение размера причиненного вреда                                                                                                                                                                                                                                                                                                                                                                                       ; Разработка мероприятий по устранению причин и предупреждению подобных аварий                                                                                                                                                                                                                                                                                ; _Привлечение виновных лиц к уголовной ответственности
Для каких организаций создание системы управления промышленной безопасностью является обязательным требованием?                                                                                                                                                                                                                        ; _Для организаций, эксплуатирующих опасные производственные объекты I и II классов опасности                                                                                                                                                                                                                                                                                                              ; Для организаций, эксплуатирующих опасные производственные объекты I, II и III классов опасности                                                                                                                                                                                                                                                                                                                              ; Для всех организаций, эксплуатирующих опасные производственные объекты                                                                                                                                                                                                                                                                                      ; Для всех юридических лиц
Кем устанавливаются требования к документационному обеспечению систем управления промышленной безопасностью?                                                                                                                                                                                                                           ; Ростехнадзором                                                                                                                                                                                                                                                                                                                                                                                           ; _Правительством Российской Федерации                                                                                                                                                                                                                                                                                                                                                                                         ; Федеральной службой по аккредитации                                                                                                                                                                                                                                                                                                                         ; Федеральным агентством по техническому регулированию и метрологии
В отношении каких объектов предусмотрена разработка планов мероприятий по локализации и ликвидации последствий аварий на опасных производственных объектах?                                                                                                                                                                            ; Опасных производственных объектов I, II и III классов опасности, предусмотренных пп. 1, 4, 5 и 6 приложения 1 к Федеральному закону от 21.07.1997 № 116-ФЗ                                                                                                                                                                                                                                               ; Опасных производственных объектов I и II классов опасности                                                                                                                                                                                                                                                                                                                                                                   ; Опасных производственных объектов III класса опасности                                                                                                                                                                                                                                                                                                      ; _Всех опасных производственных объектов
В течение какого срока осуществляется регистрация системы добровольной сертификации с момента предоставления документов для регистрации системы добровольной сертификации в федеральный орган исполнительной власти по техническому регулированию?                                                                                     ; В течение 3 дней                                                                                                                                                                                                                                                                                                                                                                                         ; _В течение 5 дней                                                                                                                                                                                                                                                                                                                                                                                                            ; В течение 7 дней                                                                                                                                                                                                                                                                                                                                            ; В течение 10 дней
Ниже представлен текст в формате CSV, сформированный на основе предоставленного документа (Билет 12). Правильные ответы отмечены нижним подчеркиванием _.
Какая продолжительность действия планов мероприятий по локализации и ликвидации последствий аварий для объектов I класса опасности (за исключением объектов, на которых ведутся горные работы)?                                                                                                                                        ; 1 год                                                                                                                                                                                                                                                                                                                                                                                                    ; _2 года                                                                                                                                                                                                                                                                                                                                                                                                                      ; 3 года                                                                                                                                                                                                                                                                                                                                                      ; 5 лет
Что входит в понятие «авария», изложенное в Федеральном законе от 21.07.1997 № 116-ФЗ «О промышленной безопасности опасных производственных объектов»?                                                                                                                                                                                 ; Контролируемое и (или) неконтролируемое горение, а также взрыв опасного производственного объекта                                                                                                                                                                                                                                                                                                        ; _Разрушение сооружений и (или) технических устройств, применяемых на опасном производственном объекте, неконтролируемые взрыв и (или) выброс опасных веществ                                                                                                                                                                                                                                                                 ; Отказ или повреждение технических устройств, применяемых на опасном производственном объекте, отклонение от установленного режима технологического процесса                                                                                                                                                                                                 ; Нарушение целостности или полное разрушение сооружений и технических устройств опасного производственного объекта при отсутствии взрыва либо выброса опасных веществ
Соблюдение каких перечисленных требований не является предметом государственного строительного надзора?                                                                                                                                                                                                                                ; Соблюдение соответствия применяемых строительных материалов и изделий в процессе строительства, реконструкции объекта капитального строительства требованиям технических регламентов, проектной документации                                                                                                                                                                                             ; Соблюдение требований к порядку осуществления строительного контроля, установленных Градостроительным кодексом Российской Федерации, иными нормативными правовыми актами                                                                                                                                                                                                                                                     ; _Соблюдение требований промышленной безопасности, установленных в федеральных нормах и правилах в области промышленной безопасности
Какие требования из перечисленных должны соблюдать организации, эксплуатирующие опасный производственный объект?                                                                                                                                                                                                                       ; Соблюдать требования промышленной безопасности, установленные федеральными законами и принимаемыми в соответствии с ними нормативными правовыми актами                                                                                                                                                                                                                                                   ; _Обеспечивать проведение подготовки и аттестации работников в области промышленной безопасности                                                                                                                                                                                                                                                                                                                              ; Организовывать и осуществлять производственный контроль за соблюдением требований промышленной безопасности                                                                                                                                                                                                                                                 ; Все перечисленные требования
Каким документом устанавливаются требования к проведению аттестации в области промышленной безопасности, по вопросам безопасности гидротехнических сооружений, безопасности в сфере электроэнергетики?                                                                                                                                 ; Федеральным законом № 116-ФЗ «О промышленной безопасности опасных производственных объектов»                                                                                                                                                                                                                                                                                                             ; _Постановлением Правительства Российской Федерации                                                                                                                                                                                                                                                                                                                                                                           ; Приказом Ростехнадзора                                                                                                                                                                                                                                                                                                                                      ; Указом Президента Российской Федерации
В каких случаях не проводится внеочередная аттестация работников в области промышленной безопасности?                                                                                                                                                                                                                                  ; Если это предусмотрено нормативными правовыми актами, устанавливающими требования в области промышленной безопасности                                                                                                                                                                                                                                                                                    ; _При вводе в эксплуатацию нового оборудования                                                                                                                                                                                                                                                                                                                                                                                ; При установлении в ходе осуществления федерального государственного надзора в области промышленной безопасности недостаточности знаний требований промышленной безопасности                                                                                                                                                                                 ; После аварии на опасном производственном объекте, если в отношении работника выявлена его вина
Каким документом устанавливается процедура принятия решения о включении (об отказе во включении) сведений о заключении экспертизы промышленной безопасности в реестр заключений экспертизы промышленной безопасности?                                                                                                                  ; Постановлением Правительства Российской Федерации                                                                                                                                                                                                                                                                                                                                                        ; _Административным регламентом Ростехнадзора по предоставлению государственной услуги по ведению реестра заключений экспертизы промышленной безопасности                                                                                                                                                                                                                                                                      ; Приказом Ростехнадзора «Об утверждении федеральных норм и правил в области промышленной безопасности «Правила проведения экспертизы промышленной безопасности»                                                                                                                                                                                              ; Федеральным законом № 116-ФЗ
На какой срок аттестационными комиссиями организаций проводится аттестация?                                                                                                                                                                                                                                                            ; На 3 года                                                                                                                                                                                                                                                                                                                                                                                                ; _На 5 лет                                                                                                                                                                                                                                                                                                                                                                                                                    ; На срок, определяемый руководителем организации                                                                                                                                                                                                                                                                                                             ; Бессрочно
К какому классу опасности относятся опасные производственные объекты, на которых осуществляются горные работы по добыче и обогащению полезных ископаемых (кроме общераспространенных)?                                                                                                                                                 ; I класс опасности                                                                                                                                                                                                                                                                                                                                                                                        ; II класс опасности                                                                                                                                                                                                                                                                                                                                                                                                           ; _III класс опасности                                                                                                                                                                                                                                                                                                                                        ; IV класс опасности
Какие из перечисленных сведений об организации производственного контроля за соблюдением требований промышленной безопасности ежегодно направляются в Ростехнадзор?                                                                                                                                                                    ; План работы службы производственного контроля на текущий год                                                                                                                                                                                                                                                                                                                                             ; Копии договоров страхования ответственности за причинение вреда при эксплуатации опасного объекта                                                                                                                                                                                                                                                                                                                            ; _Сведения о состоянии технических устройств, применяемых на опасном производственном объекте                                                                                                                                                                                                                                                                ; Копии дипломов специалистов, ответственных за производственный контроль
В каком случае декларация промышленной безопасности должна пройти экспертизу промышленной безопасности?                                                                                                                                                                                                                                ; В случае ее разработки в составе проектной документации на строительство ОПО                                                                                                                                                                                                                                                                                                                             ; В случае ее разработки в составе проектной документации на реконструкцию ОПО                                                                                                                                                                                                                                                                                                                                                 ; _В случае ее разработки в составе проектной документации на техническое перевооружение ОПО                                                                                                                                                                                                                                                                  ; Во всех перечисленных случаях
Кем осуществляется расчет вреда (экономического и экологического ущерба) от аварии?                                                                                                                                                                                                                                                    ; _Организацией, на объекте которой произошла авария                                                                                                                                                                                                                                                                                                                                                       ; Комиссией по техническому расследованию аварии                                                                                                                                                                                                                                                                                                                                                                               ; Специализированной сторонней организацией                                                                                                                                                                                                                                                                                                                   ; Территориальным органом Ростехнадзора                                                                                                                                                                                                                                            ; Страховой организацией
Каким документом определяются квалификационные требования к специалистам, осуществляющим производственный контроль?                                                                                                                                                                                                                    ; Федеральным законом № 116-ФЗ                                                                                                                                                                                                                                                                                                                                                                             ; Уставом организации                                                                                                                                                                                                                                                                                                                                                                                                          ; _Профессиональными стандартами или квалификационными справочниками                                                                                                                                                                                                                                                                                          ; Решением руководителя организации
Что из перечисленного не является объектом экспертизы промышленной безопасности?                                                                                                                                                                                                                                                       ; Документация на консервацию опасного производственного объекта                                                                                                                                                                                                                                                                                                                                           ; Документация на ликвидацию опасного производственного объекта                                                                                                                                                                                                                                                                                                                                                                ; _Документация на капитальный ремонт опасного производственного объекта                                                                                                                                                                                                                                                                                      ; Документация на техническое перевооружение опасного производственного объекта
Какие сведения не указываются в акте технического расследования причин аварии?                                                                                                                                                                                                                                                         ; Краткая характеристика организации, где произошла авария                                                                                                                                                                                                                                                                                                                                                 ; Обстоятельства аварии                                                                                                                                                                                                                                                                                                                                                                                                        ; Причины аварии и лица, ответственные за допущенные нарушения                                                                                                                                                                                                                                                                                                ; _Сведения о финансовом состоянии эксплуатирующей организации
Что из перечисленного не входит в задачи технического расследования причин аварии?                                                                                                                                                                                                                                                     ; Установление обстоятельств и причин аварии                                                                                                                                                                                                                                                                                                                                                               ; Определение размера причиненного вреда                                                                                                                                                                                                                                                                                                                                                                                       ; Разработка мероприятий по устранению причин и предупреждению подобных аварий                                                                                                                                                                                                                                                                                ; _Привлечение виновных лиц к уголовной ответственности
Что из перечисленного является лицензионным требованием при осуществлении деятельности по проведению экспертизы промышленной безопасности?                                                                                                                                                                                             ; _Наличие в штате лицензиата как минимум 3 экспертов в области промышленной безопасности, которые соответствуют требованиям, установленным Федеральным законом «О промышленной безопасности опасных производственных объектов», и для которых работа в этой организации является основной                                                                                                                 ; Проведение экспертизы в соответствии с работами (услугами), указанными в лицензии, экспертами в области промышленной безопасности, которые соответствуют требованиям, установленным Федеральным законом «О промышленной безопасности опасных производственных объектов»
На какое количество классов опасности подразделяются опасные производственные объекты?                                                                                                                                                                                                                                                 ; На два                                                                                                                                                                                                                                                                                                                                                                                                   ; На три                                                                                                                                                                                                                                                                                                                                                                                                                       ; _На четыре                                                                                                                                                                                                                                                                                                                                                  ; На пять
Анализ какой документации осуществляет эксплуатирующая организация при проведении идентификации опасного производственного объекта?                                                                                                                                                                                                    ; Сведений о применяемых технологиях основных и вспомогательных производств                                                                                                                                                                                                                                                                                                                                ; Документации на технические устройства, применяемые на объекте                                                                                                                                                                                                                                                                                                                                                               ; Генерального плана расположения зданий и сооружений                                                                                                                                                                                                                                                                                                         ; Спецификации установленного оборудования                                                                                                                                                                                                                                         ; _Всей перечисленной документации
Каким квалификационным требованиям должен соответствовать эксперт второй категории в области промышленной безопасности? Выберите два варианта ответа.                                                                                                                                                                                  ; Иметь лицензию на деятельность по проведению экспертизы промышленной безопасности                                                                                                                                                                                                                                                                                                                        ; _Иметь высшее образование                                                                                                                                                                                                                                                                                                                                                                                                    ; _Иметь стаж работы не менее 5 лет по специальности, соответствующей его области (областям) аттестации                                                                                                                                                                                                                                                       ; Иметь опыт проведения не менее 10 экспертиз                                                                                                                                                                                                                                      ; Иметь протокол об аттестации в области промышленной безопасности, выданный территориальной аттестационной комиссией